"","WorkerId","HITId","num_questions","num_missed","ratio_missed","native_english","country_usa","filler1","filler2","fillers_correct","AI_rating_diff","proficiency_check_passed"
"1","A002160837SWJFPIAI7L7","39O6Z4JLX2XDMZD8VSIHO89Y5PTVXI",54,0,0,TRUE,TRUE,1,7,TRUE,5.25,"yes"
"2","A100Y89FZO4J0B","3TD33TP5DL2MH879F1Z33O4T0AFABT",54,0,0,TRUE,TRUE,1,7,TRUE,4.75,"yes"
"3","A1036BH0RBAF1O","378G7J1SJLYHVOMWQXXLML75VQVEW8",54,0,0,TRUE,TRUE,1,7,TRUE,4.25,"yes"
"4","A107RJSS561Y7R","3NKW03WTLM76SRC1ZOSLG2WJFV8QWQ",54,0,0,TRUE,TRUE,1,7,TRUE,5,"yes"
"5","A10HW8JXM17XLD","3Y3N5A7N4G9JWH99MW3SKQXUF0MMY4",54,1,0.0185185185185185,TRUE,TRUE,1,7,TRUE,5.3,"yes"
"6","A10T0161B70BXP","3O0M2G5VC62ORQCV8GBGZFN3L26942",54,1,0.0185185185185185,TRUE,TRUE,1,7,TRUE,4.75,"yes"
"7","A110KENBXU7SUJ","3N2YPY1GI6Y4GZMR0NSP0JOROHTEVY",54,0,0,TRUE,TRUE,1,7,TRUE,3.875,"yes"
"8","A11FFJZ0C984W4","31HLTCK4BLV20DII6IID0M931X8GVH",54,0,0,TRUE,TRUE,1,7,TRUE,4.625,"yes"
"9","A11FFJZ0C984W4","3ZG552ORAM4CLJAB73XOYIF2SGSV27",54,0,0,TRUE,TRUE,1,7,TRUE,5.875,"yes"
"10","A11S8IAAVDXCUS","3ZXNP4Z39RLGBFVNZBCD70Y8BWN7LM",54,0,0,TRUE,TRUE,1,7,TRUE,5.4,"yes"
"11","A11W55U13HODN1","35XW21VSVGE2UDFFNEAO2RU4ZCPLSH",54,0,0,TRUE,TRUE,1,7,TRUE,3.875,"yes"
"12","A11W7R2O4RQSSS","3TTPFEFXCTKVLJYSPGSN9U55Z4UH6Q",54,0,0,TRUE,TRUE,1,7,TRUE,4.5,"yes"
"13","A11YS0T8MV3Q7C","37AQKJ12TXORSQ0ZLNH5YN07V8PTTH",54,0,0,TRUE,TRUE,1,7,TRUE,4.75,"yes"
"14","A11YS0T8MV3Q7C","3I7KR83SNAD95S1YT8YW6WCZHM6K98",54,1,0.0185185185185185,TRUE,TRUE,1,7,TRUE,5.3,"yes"
"15","A122LRCSBAD6DC","3CVDZS288H0DWQSEH6B4V5QE9PWMF7",54,0,0,TRUE,TRUE,1,7,TRUE,3.75,"yes"
"16","A122LRCSBAD6DC","3D17ECOUOEVLKPQW4PR4A4DE9QM130",54,0,0,TRUE,TRUE,1,7,TRUE,4.875,"yes"
"17","A12FCLCVIM2CL3","36BTXXLZ2V8UVQ8H2XB2Q0NXQMM4RP",54,0,0,TRUE,TRUE,1,7,TRUE,4.875,"yes"
"18","A12FTSX85NQ8N9","3OLZC0DJ8JFGW4ODW6IGLYMJHCPVII",54,0,0,TRUE,TRUE,1,7,TRUE,5.3,"yes"
"19","A12FTSX85NQ8N9","3PR3LXCWSFZFPS05SRDLWQK1DVL9XM",54,0,0,TRUE,TRUE,1,7,TRUE,6,"yes"
"20","A12FTSX85NQ8N9","3ZRKL6Z1E83M8L1ECND8PZPW2TESGO",54,0,0,TRUE,TRUE,1,7,TRUE,4.5,"yes"
"21","A12HWPFXQPITHD","3BJKPTD2QCCECBN7HYCAY8ZP7NSTR4",54,0,0,TRUE,TRUE,1,7,TRUE,3.625,"yes"
"22","A12TSLY8GXWHB4","3P6ENY9P79WBE3TTRH1C6XVA8VPHIK",54,0,0,TRUE,TRUE,1,7,TRUE,4.2,"yes"
"23","A12VDN3TJJCAQQ","3SD15I2WD2UGRBRTAV3L504VH12360",54,0,0,TRUE,TRUE,1,7,TRUE,6,"yes"
"24","A133QG754CGS3I","39TX062QX1OTAQBPBICB5DHFD2AX3Q",54,1,0.0185185185185185,TRUE,TRUE,1,7,TRUE,3.75,"yes"
"25","A13FUEPWBCLBUY","3YLPJ8OXX8DESMUTBWHUFI9LR26X4B",54,0,0,TRUE,TRUE,1,7,TRUE,5.125,"yes"
"26","A13GUTDMGGZZDL","31GECDVA9JMFOUEBTX1JC3GFRS4669",54,0,0,TRUE,TRUE,1,7,TRUE,4.25,"yes"
"27","A13LKWKNDRONU7","3IHWR4LC7DDILSS0OD76TK2B6EP8IR",54,0,0,TRUE,TRUE,1,7,TRUE,3.9,"yes"
"28","A13WTEQ06V3B6D","32PT7WK7DMFFCK68KIBZB6ENXLZD37",54,0,0,TRUE,TRUE,1,7,TRUE,5.4,"yes"
"29","A143XRCI1YXAFE","3MQY1YVHS3KXC5C52M6OX6LVOMNB2N",54,0,0,TRUE,TRUE,1,7,TRUE,3.625,"yes"
"30","A147F5PJTHOB8A","3PIOQ99R7YM8XQA4OWL3UKGHO2LUNE",54,0,0,TRUE,TRUE,1,7,TRUE,3.5,"yes"
"31","A149ROBL26JWPJ","3LN3BXKGC0VFF2INWSN9MOSH86AGWR",54,0,0,TRUE,TRUE,1,7,TRUE,4.5,"yes"
"32","A14EYTLSMJRPUK","3W3RSPVVGSRI9Q7JCJ5OHSCSK9ALUX",54,0,0,TRUE,TRUE,1,7,TRUE,5.6,"yes"
"33","A14LOABUGAITBM","371Q3BEXDH9MZ2WJ2F1XA652DI7ZSH",54,0,0,TRUE,TRUE,1,7,TRUE,1.625,"yes"
"34","A14LXHJAWRQWR6","39RRBHZ0AU12RUDNWA62LTP9CM1ZVM",54,0,0,TRUE,TRUE,1,7,TRUE,5.875,"yes"
"35","A14SEFVPXYZ9TN","3H781YYV6TIP37I2VSSAZ106RWDETI",54,0,0,TRUE,TRUE,1,7,TRUE,5.75,"yes"
"36","A15T9HDPHV3X7Q","3DZKABX2ZI5PJ12D4WMUAVOO475VCG",54,0,0,TRUE,TRUE,1,7,TRUE,5.75,"yes"
"37","A15XX0WDRG29E7","3VO4XFFP15MR2CB0RGK9OMX2L2A7QB",54,0,0,TRUE,TRUE,1,7,TRUE,5.2,"yes"
"38","A166A2M31CW2C7","3Z8UJEJOCZD39UTR826XPAVX72A93H",54,0,0,TRUE,TRUE,1,7,TRUE,4,"yes"
"39","A16UAN46CNIRHY","31KPKEKW4ADQGV9RNZ2AEISGSQT0BN",54,0,0,TRUE,TRUE,1,7,TRUE,5.5,"yes"
"40","A16Z9FSSF1X74O","3LCXHSGDLT6OO75N6SNKPW4KPDZEST",54,0,0,TRUE,TRUE,1,7,TRUE,4.875,"yes"
"41","A16Z9FSSF1X74O","3WRKFXQBOB7X0YJI1H50SXQDZTRIYE",54,0,0,TRUE,TRUE,1,7,TRUE,4.75,"yes"
"42","A171RZ3O028XF6","38B7Q9C28G526DG9R44VWD7HHTC96N",54,0,0,TRUE,TRUE,1,7,TRUE,3.625,"yes"
"43","A171S8E9IFSHH2","3O71U79SRBPM0VX0NQB3249TYFQMSQ",54,0,0,TRUE,TRUE,1,7,TRUE,5.625,"yes"
"44","A173A97OFDAX9F","3UUIU9GZC55P7OP9KRZ7V7UTF53T5Q",54,0,0,TRUE,TRUE,1,7,TRUE,5.4,"yes"
"45","A17AMTRIYI2Z2D","32XN26MTXZJ2T4V3ECR4SLOL3IHL00",54,0,0,TRUE,TRUE,1,7,TRUE,5.75,"yes"
"46","A17K1CHOI773VZ","3B623HUYJ4Q7F6VWTP1KXM8YEA1S88",54,0,0,TRUE,TRUE,1,7,TRUE,4.1,"yes"
"47","A17NFI9O9H25MZ","3I4E7AFQ2KZXEN4U9T31WHDYW49JT8",54,0,0,TRUE,TRUE,1,7,TRUE,4.875,"yes"
"48","A17ZTBC2843EBM","34D9ZRXCYRULYUOBQNLYTDET4Y1ASU",54,1,0.0185185185185185,TRUE,TRUE,1,7,TRUE,5.4,"yes"
"49","A183WYXN12P2TJ","3Q9SPIIRWJME5B5KASVZQ2HEABXAW9",54,0,0,TRUE,TRUE,1,7,TRUE,5.8,"yes"
"50","A18E16UFE351U6","31YWE12TE0CBB9CCDUF1IUTVI4WX7V",54,0,0,TRUE,TRUE,1,7,TRUE,5.75,"yes"
"51","A18LAR2IV3FHF9","3RDTX9JRTY1LADUEAE9N2R7DB2679P",54,1,0.0185185185185185,TRUE,TRUE,1,7,TRUE,4.51785714285714,"yes"
"52","A18SXC3JEN1O0U","3UY4PIS8QRLSOTJ6M8BJJIBKE7D1NG",54,0,0,TRUE,TRUE,1,7,TRUE,5.5,"yes"
"53","A18SXC3JEN1O0U","3XEDXEGFX3OR9YDLTCF3DLB6EICK0W",54,0,0,TRUE,TRUE,1,7,TRUE,5.875,"yes"
"54","A18XFOKU5G1OL1","3AQN9REUTFGGSN3W934P10A07OJYDS",54,0,0,TRUE,TRUE,1,7,TRUE,2.125,"yes"
"55","A198MSVO1VTAT5","3P458N04Q1H4P8F67IY6M3CN8R12XI",54,0,0,TRUE,TRUE,1,7,TRUE,5.8,"yes"
"56","A19DKHN5DUFZJK","33NKDW9FFXIHNQ784BNCYGL9JGOCX6",54,0,0,TRUE,TRUE,1,7,TRUE,5.375,"yes"
"57","A19HMCT6V15WRU","3NI0WFPPI9GKAJSWR8L2326OEPI608",54,0,0,TRUE,TRUE,1,7,TRUE,1,"yes"
"58","A19LVWX8ZLO6CS","3FVBZG9CLJE078CDNRC60TVEM18H0P",54,0,0,TRUE,TRUE,1,7,TRUE,6,"yes"
"59","A19UBZFVUWL1ES","3NFWQRSHVEED4GWS63D9I06HD3KFGS",54,2,0.037037037037037,TRUE,TRUE,1,7,TRUE,5.5,"yes"
"60","A19WXS1CLVLEEX","37YYO3NWHDQTKSWDDFRPK30ZIR7CCX",54,0,0,TRUE,TRUE,1,7,TRUE,5.6,"yes"
"61","A19ZWBQT8A3LIR","3QX22DUVOOH2SNE4HLG8DRT0XJKMVV",54,0,0,TRUE,TRUE,1,7,TRUE,5.5,"yes"
"62","A1A7HKFWGH77QH","3RZS0FBRWKACEH5HIKDV43Z6HHFCPI",54,0,0,TRUE,TRUE,1,7,TRUE,6,"yes"
"63","A1APUWC5IMC5NV","3U18MJKL1UMCBWT425030EUBH2ECNM",54,0,0,TRUE,TRUE,1,7,TRUE,4.5,"yes"
"64","A1AYQ8E01NSY5Z","3OYHVNTV5TYCCF54VXHE3M7ODNHOKK",54,0,0,TRUE,TRUE,1,7,TRUE,1.5,"yes"
"65","A1AZLJ3R5FQ9B7","3RIHDBQ1NEYXAMJKCWZ4YQ2RP49HM0",54,0,0,TRUE,TRUE,1,7,TRUE,5.3,"yes"
"66","A1BIJGB7XA0GME","3MG8450X2OA80BMH4BYVY9LCOHMUPA",54,0,0,TRUE,TRUE,1,7,TRUE,5.125,"yes"
"67","A1BNR1ZAF1QGWG","3RWB1RTQDJNA2EF418XQ2H3NRQUP8P",54,0,0,TRUE,TRUE,1,7,TRUE,4.25,"yes"
"68","A1BUNT3VJFLXD0","3XQ4XW3OD9CWTRT7D8SJNVVVSA9S25",54,0,0,TRUE,TRUE,1,7,TRUE,5.625,"yes"
"69","A1CE2XPYCDRHVZ","3K3IX1W4S6ROL28JY6H4Y89IHEUAPE",54,0,0,TRUE,TRUE,1,7,TRUE,5.4,"yes"
"70","A1CEO8RFPXMO5W","3WGCNLZJKF8J2HSTXEXGNDZQ03B1DY",54,0,0,TRUE,TRUE,1,7,TRUE,1.5,"no"
"71","A1CMWA0L8FTSXA","3M47JKRKCX12S8XZMCYHWHC6XNU68V",54,0,0,TRUE,TRUE,1,7,TRUE,4.75,"yes"
"72","A1CPY1HLCFTIL1","3VCK0Q0PO5ESH4YOQP7J5DSA8DHN04",54,0,0,TRUE,TRUE,1,7,TRUE,5.25,"yes"
"73","A1DCG37N0Y8BN0","3JUDR1D0D6RKGBEUL43ESVGUAMO2QQ",54,0,0,TRUE,TRUE,1,7,TRUE,4.625,"yes"
"74","A1DD23J1WBGQUU","391JB9X4ZY8OCCKSIH21BIIJHLDMK9",54,1,0.0185185185185185,TRUE,TRUE,1,7,TRUE,4.75,"yes"
"75","A1DKVUTOBPQH11","3JTPR5MTZSCQ45ZMQILFUG7XVQNK5H",54,0,0,TRUE,TRUE,1,7,TRUE,5.2,"yes"
"76","A1DMXEJGJY02E1","3PUV2Q8SV44KFFALZBQ5TPCZLDCDBY",54,0,0,TRUE,TRUE,1,7,TRUE,5.625,"yes"
"77","A1DZMZTXWOM9MR","3W0KKJIARR99RNIOOGSI60HOXGOK8J",54,0,0,TRUE,TRUE,1,7,TRUE,5.875,"yes"
"78","A1E77HZO63E334","3QQUBC64ZEE0EU4ZT1WQERFLJMRNXT",54,0,0,TRUE,TRUE,1,7,TRUE,6,"yes"
"79","A1E8PIR82KIJEP","3QTFNPMJC6IPJP4EUJKBBCVWQJZZN5",54,0,0,TRUE,TRUE,1,7,TRUE,6,"yes"
"80","A1EDMN0J522ATZ","3JMNNNO3B14P08AGXD2KKKYGZPV2WP",54,0,0,TRUE,TRUE,1,7,TRUE,4.3,"yes"
"81","A1ESLDCYJIENVI","3XH7ZM9YX2UVSWETJS7T78YDDGPR92",54,0,0,TRUE,TRUE,1,7,TRUE,2.875,"yes"
"82","A1EUBMQ86K32XE","3ZURAPD288NG016POKS6BD2BCGR1F9",54,0,0,TRUE,TRUE,1,7,TRUE,1.875,"yes"
"83","A1F2APQMJSQVFK","39O0SQZVJN7REDQ04V99TC77IQ1R7Q",54,0,0,TRUE,TRUE,1,7,TRUE,2.875,"yes"
"84","A1F9KLZGHE9DTA","3N5YJ55YXG3OIHW6IR4CUJ4NHZTNAV",54,0,0,TRUE,TRUE,1,7,TRUE,6,"yes"
"85","A1FBI9CPTNYMMR","35U0MRQMUJ7QSQZGU1VL5VI5TLOVOD",54,0,0,TRUE,TRUE,1,7,TRUE,5,"yes"
"86","A1FKRZKU1H9YFC","32CXT5U14G3NUJN0IUWKCNQM09C8UZ",54,0,0,TRUE,TRUE,1,7,TRUE,5.25,"yes"
"87","A1FKRZKU1H9YFC","335HHSX8CD5U6SD7Z301F0FXGQHHDI",54,0,0,TRUE,TRUE,1,7,TRUE,5.25,"yes"
"88","A1FKRZKU1H9YFC","3RKHNXPHGWW7PKP1RJTN2SZDU7GKUZ",54,0,0,TRUE,TRUE,1,7,TRUE,4.875,"yes"
"89","A1FR4S8V4MNRVM","33TGB4G0LPHY979JQXI2NQLD84DXT4",54,0,0,TRUE,TRUE,1,7,TRUE,2.5,"no"
"90","A1G38F99VKAPRI","3HEM8MA6H9CG8IF0N2EQO8ONMY5QPV",54,0,0,TRUE,TRUE,1,7,TRUE,1.1,"yes"
"91","A1GTYHV8OYQQLV","363A7XIFV4M1QM5FKIQ340Y044KVAE",54,0,0,TRUE,TRUE,1,7,TRUE,5.75,"yes"
"92","A1H198MRIM37T1","36U4VBVNQODTCO2WH32K34LRPZAUR2",54,0,0,TRUE,TRUE,1,7,TRUE,5.75,"yes"
"93","A1I1QEHJZ9XTKC","3X52SWXE0X52YQ2IU6RQWX72AEICWD",54,0,0,TRUE,TRUE,1,7,TRUE,4.5,"yes"
"94","A1I72NHC21347A","3JYPJ2TAYI8JHTPR9M3WC9K9EU7PF6",54,1,0.0185185185185185,TRUE,TRUE,1,7,TRUE,4,"yes"
"95","A1IFIK8J49WBER","371DNNCG4428U68BIP6A7R4KHV4T8S",54,0,0,TRUE,TRUE,1,7,TRUE,5.6,"yes"
"96","A1IKK576F8WY0N","3L60IFZKF3IBI8I9LZJR6LUV8IAHHR",54,0,0,TRUE,TRUE,1,7,TRUE,5.8,"yes"
"97","A1IL2HYSSL4ZMV","3UEDKCTP9VQ5R9D5EB0CS0LTMWI7KJ",54,3,0.0555555555555556,TRUE,TRUE,1,7,TRUE,5.3,"yes"
"98","A1IS0218RVG60K","3YO4AH2FPDKDK1BG6HZ097NFEQU0QZ",54,0,0,TRUE,TRUE,1,7,TRUE,5.3,"yes"
"99","A1JJYY622DGE5L","3GONHBMNHVYJ17JEII5BYX6WLTPZM5",54,1,0.0185185185185185,TRUE,TRUE,1,7,TRUE,1.375,"yes"
"100","A1K8QNLYYYX21W","386T3MLZLNV7EXBKKNI0NG2FJII801",54,0,0,TRUE,TRUE,1,7,TRUE,4.1,"yes"
"101","A1K8VUKRL53OX","3M0556243SKJE8DET7Q48KFEEF6FN0",54,0,0,TRUE,TRUE,1,7,TRUE,3.375,"yes"
"102","A1K8VUKRL53OX","3TZ0XG8CBUKPARZXKJ1TGR38NO2989",54,1,0.0185185185185185,TRUE,TRUE,1,7,TRUE,1.32142857142857,"yes"
"103","A1KGCOR8OXYR72","386659BNTLHP3XRZL29L86F76E2105",54,0,0,TRUE,TRUE,1,7,TRUE,4.375,"yes"
"104","A1KLAGM9CCOFBN","38VTL6WC4ADLOAO3UXM63OM8U7M5YS",54,0,0,TRUE,TRUE,1,7,TRUE,3.75,"yes"
"105","A1KWC8TW8ANBQ8","32FESTC2NHQP6MDDZ6CPE9M5PY7CUE",54,0,0,TRUE,TRUE,1,7,TRUE,5.25,"yes"
"106","A1LB8HVSXK66U0","3TX9T2ZCB91F6JDSMKBY7V8NJV3ZWW",54,0,0,TRUE,TRUE,1,7,TRUE,2.875,"yes"
"107","A1LZWU72K42V92","3R868ACW4SCJ9XNS7F7GLSMZP8EGZH",54,2,0.037037037037037,TRUE,TRUE,1,7,TRUE,2.625,"yes"
"108","A1M24593XO5Z3C","324N5FAHSXB72ZE1W93SYE1W8EPKVO",54,1,0.0185185185185185,TRUE,TRUE,1,7,TRUE,4,"yes"
"109","A1M24593XO5Z3C","389A2A304OI9Q01X1ZY5P2YYABT0CU",54,0,0,TRUE,TRUE,1,7,TRUE,4.25,"yes"
"110","A1MM8TSLCHVMNK","3GKAWYFRAPTMJ9BVIG86O9HO2HRDPJ",54,0,0,TRUE,TRUE,1,7,TRUE,3.875,"yes"
"111","A1MMLN9XGYXF7M","3KTZHH2ONIF4HBIR9S5YLD9SNN98M7",54,3,0.0555555555555556,TRUE,TRUE,1,7,TRUE,3.91071428571429,"yes"
"112","A1MWYO3RFZW051","3I6NF2WGIGWL2J330R00WOF4PBW5GU",54,0,0,TRUE,TRUE,1,7,TRUE,3.4,"yes"
"113","A1N16ZU0FNQEY6","3HEA4ZVWVDMNMMEJJVH9SROFY0S55H",54,0,0,TRUE,TRUE,1,7,TRUE,5.875,"yes"
"114","A1N8TKTLXV92QR","391JB9X4ZY8OCCKSIH21BIIJHLDMK9",54,0,0,TRUE,TRUE,1,7,TRUE,5,"yes"
"115","A1NDMFN9A5G25G","356TQKY9XFXLW8B45M392VC2RWO871",54,0,0,TRUE,TRUE,1,7,TRUE,3.625,"yes"
"116","A1NGABF082HR2P","3VW0145YLYCT1SEA0W2PA3I62WDMJA",54,1,0.0185185185185185,TRUE,TRUE,1,7,TRUE,4.5,"yes"
"117","A1NLW5ZS2WQR35","3XU9MCX6VOCKSCTUYJSEXLQZ7AG2RM",54,0,0,TRUE,TRUE,1,7,TRUE,5.25,"yes"
"118","A1NP83KZYINWBB","39KV3A5D1873FSQDJK9EJMC33QVS7L",54,0,0,TRUE,TRUE,1,7,TRUE,4,"yes"
"119","A1NRWXWPCAXDYP","3CO05SML7V5DW2QGJWO0EXXKACW0R0",54,0,0,TRUE,TRUE,1,7,TRUE,5,"yes"
"120","A1O57XVTTB1PNZ","36QZ6V1589D5D329WS2PTEQNB1TUSQ",54,0,0,TRUE,TRUE,1,7,TRUE,5,"yes"
"121","A1ODA3Q5H6HTDQ","3TRB893CSJA0PNHMOKFXU8T0FF17GG",54,0,0,TRUE,TRUE,1,7,TRUE,4.2,"yes"
"122","A1OM5NWYYYJKQW","3VGET1QSZ0ZWM97M3PJFGBFOA5GW7Y",54,0,0,TRUE,TRUE,1,7,TRUE,4.375,"yes"
"123","A1OQIXAU1SEJ4P","3N5YJ55YXG3OIHW6IR4CUJ4NHZTANI",54,0,0,TRUE,TRUE,1,7,TRUE,5.6,"yes"
"124","A1OW27AZS122X2","3538U0YQ1FUCA4K4BO6PZ6H8A053F3",54,0,0,TRUE,TRUE,1,7,TRUE,1.875,"yes"
"125","A1OW27AZS122X2","3X4Q1O9UBHMOH0YKC3S5ZH2261S7O3",54,0,0,TRUE,TRUE,1,7,TRUE,4.2,"yes"
"126","A1P0XSCJ9XAV74","302U8RURJZ18A5Z4TMV8Q6I03BJVNY",54,0,0,TRUE,TRUE,1,7,TRUE,5.7,"yes"
"127","A1P47Q6LZPLQ6P","3IKDQS3DQE0KXVID5PNBV6YUV3KCI6",54,0,0,TRUE,TRUE,1,7,TRUE,4.75,"yes"
"128","A1P6OXEJ86HQRM","3CVBMEMMXBGEPJCX8QXFF851UFE7HF",54,0,0,TRUE,TRUE,1,7,TRUE,5.6,"yes"
"129","A1PF01FF85HUY4","3E24UO25QZQ5D0KFTTNDT326CSXO6F",54,0,0,TRUE,TRUE,1,7,TRUE,5.375,"yes"
"130","A1PJLZSOUQ4MIL","3P7QK0GJ3TLTU3FL80MRJOSYGRZ2ZF",54,0,0,TRUE,TRUE,1,7,TRUE,4.3,"yes"
"131","A1PMZUBGXFANCI","3E9VAUV7BWEIUG0KPTDNBZ2UMLMYAQ",54,0,0,TRUE,TRUE,1,7,TRUE,4.5,"yes"
"132","A1PR74OHURJNTO","3E9ZFLPWOYS80TT8WLJY9JJ4XNXXIN",54,0,0,TRUE,TRUE,1,7,TRUE,5.375,"yes"
"133","A1PR74OHURJNTO","3EN4YVUOUCS4V4DEE34YLKY490XJXR",54,1,0.0185185185185185,TRUE,TRUE,1,7,TRUE,4,"yes"
"134","A1PTH9KTRO06EG","3IVEC1GSLPZW53SL7AJRQBU35N7J1T",54,0,0,TRUE,TRUE,1,7,TRUE,5.625,"yes"
"135","A1PTH9KTRO06EG","3ULIZ0H1VA5OY4D0I8FXP1BYMKN51Z",54,0,0,TRUE,TRUE,1,7,TRUE,5.125,"yes"
"136","A1PZIN8H1VI6SY","35F6NGNVM8J4US3S8KE4TR8P5997TP",54,1,0.0185185185185185,TRUE,TRUE,1,7,TRUE,3.76785714285714,"yes"
"137","A1Q0G8JA5EZ8EI","3V8JSVE8YYQLKTHW5YF97ISL6YVEY7",54,1,0.0185185185185185,TRUE,TRUE,1,7,TRUE,4.125,"no"
"138","A1Q56N80RJLQ7S","37G6BXQPLQLCBRQAEOYFUWPJ7PEEQ4",54,0,0,TRUE,TRUE,1,7,TRUE,4.25,"yes"
"139","A1QGG767E07WBA","375VMB7D4JJU2NOR5LIMFCGCG3WDI7",54,2,0.037037037037037,TRUE,TRUE,1,7,TRUE,4.25,"yes"
"140","A1QJ2VPPZG16EG","3FBEFUUYRK5GBWQEJAIVS8I1NBU6AZ",54,0,0,TRUE,TRUE,1,7,TRUE,5.25,"yes"
"141","A1QT7BQZVOBSY0","3XT3KXP24ZYVHE9CVYA8966KZH9I6K",54,0,0,TRUE,TRUE,1,7,TRUE,4.375,"yes"
"142","A1R0HUJFW46OV9","30ZKOOGW2W6L4APHD46EXCRKF0E1AW",54,0,0,TRUE,TRUE,1,7,TRUE,1.25,"no"
"143","A1R1E7TZ9OHFIG","33QQ60S6ASI5CUIXNQJ5J8K4HB00U4",54,0,0,TRUE,TRUE,1,7,TRUE,4.5,"yes"
"144","A1R37XA9QPSIAN","373L46LKP76YB4E7FKP9VQQ2DRIKJ3",54,0,0,TRUE,TRUE,1,7,TRUE,4.375,"yes"
"145","A1R780RJYQ68GY","33QQ60S6ASI5CUIXNQJ5J8K4HBZU0X",54,1,0.0185185185185185,TRUE,TRUE,1,7,TRUE,2.25,"no"
"146","A1R8A8BK2VN7RH","3LG268AV386CNS5AR3NFZMZO3BGER5",54,0,0,TRUE,TRUE,1,7,TRUE,3.25,"yes"
"147","A1R8A8BK2VN7RH","3QTFNPMJC6IPJP4EUJKBBCVWRMPNZQ",54,0,0,TRUE,TRUE,1,7,TRUE,5.625,"yes"
"148","A1ROEDVMTO9Y3X","3126F2F5F83RBFPVEBJQURZ92TSPEO",54,1,0.0185185185185185,TRUE,TRUE,1,7,TRUE,4,"yes"
"149","A1ROEDVMTO9Y3X","374UMBUHN5PA69YOZ1MF9D037MPTCY",54,0,0,TRUE,TRUE,1,7,TRUE,5.3,"yes"
"150","A1S88VQY8G8CNC","3FHTJGYT8N0PVTLMK69EUUKLF97PG5",54,0,0,TRUE,TRUE,1,7,TRUE,5.8,"yes"
"151","A1SHLWKA0UH1IS","34HEO7RUG6U9XFOYBYLT339XIWIAR6",54,0,0,TRUE,TRUE,1,7,TRUE,5.3,"yes"
"152","A1SISJL5ST2PWH","3Q9SPIIRWJME5B5KASVZQ2HEABXAW9",54,0,0,TRUE,TRUE,1,7,TRUE,5.4,"yes"
"153","A1SIUJEL2LS8UO","31D0ZWOD0AZLXL4ZHL2EJ78A96IA07",54,0,0,TRUE,TRUE,1,7,TRUE,5.25,"yes"
"154","A1SN0UU3V61IIM","3GL25Y6843UUWCJZH0HQ1CQLDUSMXY",54,1,0.0185185185185185,TRUE,TRUE,1,7,TRUE,5.4,"yes"
"155","A1SOFLJOEQB591","33EEIIWHK77TD2CW9ENPU0D58M6QVG",54,1,0.0185185185185185,TRUE,TRUE,1,7,TRUE,4.5,"yes"
"156","A1SOFLJOEQB591","3MJ28H2Y1E89UWK1OAD81XO6GXMO5Z",54,0,0,TRUE,TRUE,1,7,TRUE,5.25,"yes"
"157","A1SP4XA17LVUQI","3BFNCI9LYKQZVB5YT58DBE4RCCM37Z",54,0,0,TRUE,TRUE,1,7,TRUE,5.5,"yes"
"158","A1SX8IVV82M0LW","32TMVRKDGNYODLTL3O52ZJSS0UY84H",54,0,0,TRUE,TRUE,1,7,TRUE,3.5,"yes"
"159","A1T643M1P572AA","33BFF6QPI1BELQ6Z1DGP3U3853UW3T",54,0,0,TRUE,TRUE,1,7,TRUE,3.625,"yes"
"160","A1TARNH07A75CG","3L2OEKSTW9A4BS75SVT9F8WZWXMY8M",54,0,0,TRUE,TRUE,1,7,TRUE,3.5,"yes"
"161","A1TARNH07A75CG","3SSN80MU8COZ6OJWWO4AMZYHOPXKXR",54,0,0,TRUE,TRUE,1,7,TRUE,5.5,"yes"
"162","A1TEXCUTI4IUUN","3D42WVSDH8VDQ7HS09ZFP0DLJ1ZYF3",54,1,0.0185185185185185,TRUE,TRUE,1,7,TRUE,4.125,"yes"
"163","A1TLNLB9D87H6","3S8APUMBJXJHDZOHQHLVHPFKXQSFBB",54,0,0,TRUE,TRUE,1,7,TRUE,3.6,"yes"
"164","A1TPGXT718D68E","31HLTCK4BLV20DII6IID0M932ZXVGQ",54,1,0.0185185185185185,TRUE,TRUE,1,7,TRUE,5.4,"yes"
"165","A1TRO537S2U7QV","3OEWW2KGQJB4Y9ZU3GVRZ9CYSCVDO2",54,1,0.0185185185185185,TRUE,TRUE,1,7,TRUE,1.55357142857143,"yes"
"166","A1TW2BZRRS874Z","3JGHED38EDR0BE2MIQ131804LDGY7Z",54,0,0,TRUE,TRUE,1,7,TRUE,5.625,"yes"
"167","A1U3TT3VMH9FU9","3VAOOVPI3ZSFQ0KP35DNQ5G97IHLL3",54,1,0.0185185185185185,TRUE,TRUE,1,7,TRUE,3.625,"yes"
"168","A1U4DNYKF6YUY3","3EQVJH0T40L1NH94LT0GK4XJJC5HT1",54,2,0.037037037037037,TRUE,TRUE,1,7,TRUE,4.25,"yes"
"169","A1U69QDM8UIXZ5","3X0EMNLXEPP8DQBH9180UVNV2OVPVU",54,0,0,TRUE,TRUE,1,7,TRUE,4.25,"yes"
"170","A1U8RH67FLZW87","33KMQD9OFJEHWU6LVHB3OVG7GCI77D",54,0,0,TRUE,TRUE,1,7,TRUE,4,"yes"
"171","A1UOIJJQTPB7M5","3LVTFB9DE5IAV5M1KJO3UZAVK5TGQN",54,1,0.0185185185185185,TRUE,TRUE,1,7,TRUE,4.25,"yes"
"172","A1UY2W2FL9CWN","38LRF35D5LW1TMHU6D1OL6IBKNJU3S",54,0,0,TRUE,TRUE,1,7,TRUE,5.5,"yes"
"173","A1UZXOMO6BS6I2","3TZDZ3Y0JS67ZRFCLYSE1HG09IW19H",54,0,0,TRUE,TRUE,1,7,TRUE,5.75,"yes"
"174","A1V1JNPU0KOA3X","39N6W9XWRDNJ47DNBT5X7LDXKGZYG2",54,0,0,TRUE,TRUE,1,7,TRUE,5.125,"yes"
"175","A1V26049BBUXDX","3YKP7CX6G2F4Y69B8YNJTX23Z297BZ",54,1,0.0185185185185185,TRUE,TRUE,1,7,TRUE,6,"yes"
"176","A1V3LZ17TYZZPA","36FQTHX3Z3RMXN8O6MKTGGQNV2D3BL",54,0,0,TRUE,TRUE,1,7,TRUE,2.75,"no"
"177","A1VIP6S8H2XXH7","366FYU4PTGPQ0OSF1JEIYADA8JMEKC",54,0,0,TRUE,TRUE,1,7,TRUE,3,"yes"
"178","A1VMPZVVVZUCS4","3D06DR5225JI0ZB66QPCH4FNC9JAMI",54,0,0,TRUE,TRUE,1,7,TRUE,5.4,"yes"
"179","A1VR1XQEQQXYUE","3NSM4HLQNRU18UGFNFTFODEXRURQQM",54,0,0,TRUE,TRUE,1,7,TRUE,4.1,"yes"
"180","A1VRG5HKZC0H0C","3EQPA8A374WT0ZDTFLSJI5EFH0VJZO",54,0,0,TRUE,TRUE,1,7,TRUE,5.625,"yes"
"181","A1W7I6FN183I8F","39AYGO6AFFKNVFK3SEN0EE21LG3N65",54,0,0,TRUE,TRUE,1,7,TRUE,4.125,"yes"
"182","A1WJ54G7U8B57Y","3RWO3EJELH9SREVJ2NOBN7GFDKOP15",54,0,0,TRUE,TRUE,1,7,TRUE,1.875,"yes"
"183","A1X53DM4NR6P07","3FHTJGYT8N0PVTLMK69EUUKLF97GPW",54,0,0,TRUE,TRUE,1,7,TRUE,5.5,"yes"
"184","A1XQOZV8LQDM22","3MXX6RQ9EV59JDS2P57DL5NIP4YP4I",54,0,0,TRUE,TRUE,1,7,TRUE,3.375,"yes"
"185","A1XUZFDVKP95VC","3ATYLI1PRT2H1VZMDCH2277BXWSJOM",54,0,0,TRUE,TRUE,1,7,TRUE,5.125,"yes"
"186","A1XUZFDVKP95VC","3TC2K6WK9G2EA7EYZAME64VUGG282L",54,0,0,TRUE,TRUE,1,7,TRUE,5,"yes"
"187","A1XVEKS9O73ERE","3UEDKCTP9VQ5R9D5EB0CS0LTMPP7KC",54,0,0,TRUE,TRUE,1,7,TRUE,4.875,"yes"
"188","A1XWBSRUGGNEA2","3DZKABX2ZI5PJ12D4WMUAVOO35GCV3",54,0,0,TRUE,TRUE,1,7,TRUE,5.5,"yes"
"189","A1YH2I4Y2SYAXJ","3P7RGTLO6EDNABB3LECW2RNJNXVAK6",54,1,0.0185185185185185,TRUE,TRUE,1,7,TRUE,5.8,"yes"
"190","A1YSYI926BBOHW","3ABAOCJ4R84ANFINVMMY74USHTUQMZ",54,0,0,TRUE,TRUE,1,7,TRUE,5.6,"yes"
"191","A1YSYI926BBOHW","3KWGG5KP6J26TE84Q4L3NZ5BCC4CMM",54,0,0,TRUE,TRUE,1,7,TRUE,3.625,"yes"
"192","A1YVERGDC9B34B","3MWOYZD5WVODKLQ7SA9UVEOS7IMNOO",54,0,0,TRUE,TRUE,1,7,TRUE,1.375,"yes"
"193","A1Z1O6MMOB3UWW","39XCQ6V3KY4J5QEXOEREKX2FVXT65T",54,0,0,TRUE,TRUE,1,7,TRUE,5.625,"yes"
"194","A1Z27X99F97JSR","35O6H0UNLSGVTLT48XL3T17KG1N5J3",54,0,0,TRUE,TRUE,1,7,TRUE,2.25,"no"
"195","A1ZDR2UN7M92LI","3K1H3NEY7LZG6WIWFXIJU03W1Q4DGF",54,0,0,TRUE,TRUE,1,7,TRUE,5,"yes"
"196","A1ZI4VU6650Q8B","3A3KKYU7P3HF7CE97VL4ZTCE4SMMW5",54,0,0,TRUE,TRUE,1,7,TRUE,6,"yes"
"197","A1ZRK6K5JUPJAV","3WGZLY9VCHM1DHCEWZ6V2NMYD7RD8Z",54,0,0,TRUE,TRUE,1,7,TRUE,4.25,"yes"
"198","A1ZT30BGR3266K","3G4VVJO6PZGUXFH5AXUTSMCEMQOKP3",54,0,0,TRUE,TRUE,1,7,TRUE,5.2,"yes"
"199","A2041SELGSFS4X","3E9VAUV7BWEIUG0KPTDNBZ2ULJXAY8",54,0,0,TRUE,TRUE,1,7,TRUE,5.25,"yes"
"200","A207IHY6GERCFO","3SR6AEG6W5TX438YVZNFSLPYYENHYQ",54,0,0,TRUE,TRUE,1,7,TRUE,5.625,"yes"
"201","A209KMZQTLEZZC","3DGDV62G7O9ZGZDFLROPSQQK6SS2PU",54,1,0.0185185185185185,TRUE,TRUE,1,7,TRUE,5.25,"yes"
"202","A20N1NK5X5S88F","3VIVIU06FKCX6HU4IEHPY236PHOMIY",54,0,0,TRUE,TRUE,1,7,TRUE,4.5,"yes"
"203","A21UA6O7ZFAIQJ","3UZUVSO3P7VLQCSIMVRYDN5EXOHMEP",54,0,0,TRUE,TRUE,1,7,TRUE,4.875,"yes"
"204","A23BWWRR7J5XLS","36JW4WBR06KR4CR3Q9VR30IIS3XHFT",54,0,0,TRUE,TRUE,1,7,TRUE,4.5,"yes"
"205","A23EWFNNOUS10B","3WPCIUYH1A8KB142ZXHQTJILSM1TDY",54,0,0,TRUE,TRUE,1,7,TRUE,5.7,"yes"
"206","A23G1L7KYHK9F2","307L9TDWJYSOYWXL9CP27BQHBP1N3Z",54,0,0,TRUE,TRUE,1,7,TRUE,3.875,"yes"
"207","A23KAJRDVCVGOE","31ANT7FQN82Z2FYEKXIIHOR539JH5A",54,0,0,TRUE,TRUE,1,7,TRUE,4.875,"yes"
"208","A245AY2S0S7IS4","3EN4YVUOUCS4V4DEE34YLKY4A2MXJZ",54,0,0,TRUE,TRUE,1,7,TRUE,1.25,"no"
"209","A248QG4DPULP46","3EKZL9T8Y8MK107TZ75QVUXFVQ5HCI",54,0,0,TRUE,TRUE,1,7,TRUE,5.4,"yes"
"210","A24B5UF6RMHYGX","3AXFSPQOYQYNVIMTE9YCFDYX5V1FJW",54,1,0.0185185185185185,TRUE,TRUE,1,7,TRUE,4.53571428571429,"yes"
"211","A24LB89P1BPKKF","3OCZWXS7ZO71OBH4BIXG9GKCLSI5L0",54,0,0,TRUE,TRUE,1,7,TRUE,5.625,"yes"
"212","A24LC97AU3QC7G","3EHVO81VN5L0EXXVJAG6EYEORTEH1S",54,0,0,TRUE,TRUE,1,7,TRUE,5.375,"yes"
"213","A24LUXW1DB1QI5","3XDSWAMB22SXET6WIXSK48PGNFQQCH",54,0,0,TRUE,TRUE,1,7,TRUE,5,"yes"
"214","A24M9OW53CLT94","3IV1AEQ4DRDEG3C66VS65LHBJTE8J3",54,0,0,TRUE,TRUE,1,7,TRUE,4.25,"yes"
"215","A24PRZS7ANKGO3","3L7SUC0TTUUMZMDOEOSJSY3A4PX0MC",54,0,0,TRUE,TRUE,1,7,TRUE,2.9,"yes"
"216","A24U4J5I2J4VFV","3ZTE0JGGCESUTHTG3K0GF3UG7CJCO1",54,0,0,TRUE,TRUE,1,7,TRUE,4.25,"yes"
"217","A2541C8MY0BYV3","3LAZVA75NIRHVZ1E6RBA3QLUWNW2OD",54,0,0,TRUE,TRUE,1,7,TRUE,5.5,"yes"
"218","A2541C8MY0BYV3","3RWO3EJELH9SREVJ2NOBN7GFDKOP15",54,0,0,TRUE,TRUE,1,7,TRUE,4.25,"yes"
"219","A2541C8MY0BYV3","3W31J70BASWB3Q815S8N8MD7N79CKH",54,0,0,TRUE,TRUE,1,7,TRUE,3.25,"yes"
"220","A256FHXGSY0E5D","304QEQWKZPKAZPY0R47WK2SFZPC0OR",54,0,0,TRUE,TRUE,1,7,TRUE,5.7,"yes"
"221","A256FHXGSY0E5D","3LAZVA75NIRHVZ1E6RBA3QLUVL62OI",54,1,0.0185185185185185,TRUE,TRUE,1,7,TRUE,5.125,"yes"
"222","A2580O4IYRX53L","3SMIWMMK615YKKJIGXCQQ3T8HEPUW5",54,0,0,TRUE,TRUE,1,7,TRUE,1,"no"
"223","A25FH7PXC446RG","3SNR5F7R92TZUT2R1GT6LUYXGFXEI1",54,0,0,TRUE,TRUE,1,7,TRUE,4.125,"yes"
"224","A25KM5DM1Z09ZN","30Y6N4AHYPW7VMRAV8CVT4H33ZFDRB",54,0,0,TRUE,TRUE,1,7,TRUE,2.625,"yes"
"225","A25MM8IKSW3G19","37SDSEDIN927LMW2G6M01LLPPCE18S",54,0,0,TRUE,TRUE,1,7,TRUE,5.875,"yes"
"226","A25N0K40JAZTN1","3QD8LUVX4XYWO5YTP104KAFZS1S5XM",54,0,0,TRUE,TRUE,1,7,TRUE,5.5,"yes"
"227","A25PFSORDO3SWQ","3XQ4XW3OD9CWTRT7D8SJNVVVSA92SF",54,0,0,TRUE,TRUE,1,7,TRUE,5.25,"yes"
"228","A2615YW1YERQBO","3909MD9T2ZHFK20108NLIXL50N5FEB",54,0,0,TRUE,TRUE,1,7,TRUE,5.4,"yes"
"229","A26M997VYVK0E6","30UZJB2POHCK87RF5CTGDUQVK4153R",54,0,0,TRUE,TRUE,1,7,TRUE,5.75,"yes"
"230","A26NGLGGFTATVN","3XD2A6FGFNU7TBE6YH7YXI39YGJ9SE",54,0,0,TRUE,TRUE,1,7,TRUE,5,"yes"
"231","A270HX8LH9LJ8W","3N3WJQXELSQ9PEYHTZVIB9H00982LU",54,0,0,TRUE,TRUE,1,7,TRUE,5.9,"yes"
"232","A272X64FOZFYLB","35A1YQPVFEGZYA9YQF03H0SK3MY5IR",54,0,0,TRUE,TRUE,1,7,TRUE,5.5,"yes"
"233","A273DS7TQWR9M1","36KM3FWE3RC3EJ61AIQU9G6K8YC70D",54,0,0,TRUE,TRUE,1,7,TRUE,5.25,"yes"
"234","A27TE0L5XP1H0U","3THR0FZ95PTNWLNMGXTFIMK32NMLOK",54,0,0,TRUE,TRUE,1,7,TRUE,4.875,"yes"
"235","A27VFM67RPD2L5","3PZDSVZ3J5H9GSGP9QULHGINPPXN4K",54,0,0,TRUE,TRUE,1,7,TRUE,5.875,"yes"
"236","A27W025UEXS1G0","3LOJFQ4BOXFL8IEF5O3YSSVP87LDKI",54,0,0,TRUE,TRUE,1,7,TRUE,5.625,"yes"
"237","A281NYJUA83Y3Y","3N2YPY1GI6Y4GZMR0NSP0JORPJIVE9",54,1,0.0185185185185185,TRUE,TRUE,1,7,TRUE,3.75,"yes"
"238","A28AXX4NCWPH1F","38DCH97KHH2KM7C2SP96RC2BDZZQJV",54,0,0,TRUE,TRUE,1,7,TRUE,6,"yes"
"239","A28VB70F9S8TJ9","3LVTFB9DE5IAV5M1KJO3UZAVK5TGQN",54,0,0,TRUE,TRUE,1,7,TRUE,1.375,"no"
"240","A28ZPY6D5AS7GZ","3JAOYN9IHL2HUS4BRT5NYXSB7A033U",54,0,0,TRUE,TRUE,1,7,TRUE,5.3,"yes"
"241","A29AF16RLMI0ES","3CVDZS288H0DWQSEH6B4V5QE9PWFM0",54,0,0,TRUE,TRUE,1,7,TRUE,5.25,"yes"
"242","A29IBNSV45WIMQ","3XUY87HIVPEJ20KV3TFHQVAN6Q8MME",54,1,0.0185185185185185,TRUE,TRUE,1,7,TRUE,5.5,"yes"
"243","A29VL3MZE7YPBZ","37SDSEDIN927LMW2G6M01LLPOAO814",54,0,0,TRUE,TRUE,1,7,TRUE,6,"yes"
"244","A2A5HAPJD18TRU","3Q9SPIIRWJME5B5KASVZQ2HEBDMWAP",54,0,0,TRUE,TRUE,1,7,TRUE,5,"yes"
"245","A2A6FH0F7LD9ND","3PIOQ99R7YM8XQA4OWL3UKGHP4ANU1",54,0,0,TRUE,TRUE,1,7,TRUE,5.375,"yes"
"246","A2AAFWAAS9C1QC","3YGE63DIN8XI4Y72IQY61W512RB0W3",54,0,0,TRUE,TRUE,1,7,TRUE,5.875,"yes"
"247","A2AU2E2E9A0I1","3JVP4ZJHDPS033NXT9UR05WTNGD0IW",54,0,0,TRUE,TRUE,1,7,TRUE,6,"yes"
"248","A2AU47UQON6TL9","39KV3A5D1873FSQDJK9EJMC33QVS7L",54,0,0,TRUE,TRUE,1,7,TRUE,5.125,"yes"
"249","A2AVJV2HSJ6KW","3XUSYT70IT1JVS7B1VTG98GGU9FD0C",54,0,0,TRUE,TRUE,1,7,TRUE,5.5,"yes"
"250","A2B0FLA55RH047","375VSR8FVW9AYNW6NQ1SKW06RHPRZO",54,0,0,TRUE,TRUE,1,7,TRUE,5.2,"yes"
"251","A2B153AHPWHLH1","3SSN80MU8COZ6OJWWO4AMZYHPRMXKY",54,1,0.0185185185185185,TRUE,TRUE,1,7,TRUE,5.875,"yes"
"252","A2B8SDLDMPK3RL","3AC6MFV69KIX9TI3RLPY6SY048RHZH",54,0,0,TRUE,TRUE,1,7,TRUE,3.5,"yes"
"253","A2BABL5AHUOYC7","368IUKXGA58NY0WG8T0SI37WLV4P63",54,1,0.0185185185185185,TRUE,TRUE,1,7,TRUE,3.5,"yes"
"254","A2BDNO754C8EMN","34XASH8KLQMPN3H8V9797Z4IBVJMPA",54,0,0,TRUE,TRUE,1,7,TRUE,1.5,"no"
"255","A2BK9RMC0NOIH8","3MNJFORX8B4FOJ78P7UIE3FSOWW5FV",54,0,0,TRUE,TRUE,1,7,TRUE,3.4,"yes"
"256","A2BQ9CT9T9GIXH","3M93N4X8HKNWZNRFKTYBMCHCULVJSJ",54,0,0,TRUE,TRUE,1,7,TRUE,5.125,"yes"
"257","A2C84POENS2UNY","3ZVPAMTJWN3A7611XYD3ZPK0GRVGRO",54,0,0,TRUE,TRUE,1,7,TRUE,5.375,"yes"
"258","A2CEGS0NVDBCPT","32ZCLEW0BZKZMVBNSCUHR7C171OJP3",54,0,0,TRUE,TRUE,1,7,TRUE,3.375,"yes"
"259","A2CIRSDBG6NQU1","3GONHBMNHVYJ17JEII5BYX6WLUQMZV",54,0,0,TRUE,TRUE,1,7,TRUE,5.25,"yes"
"260","A2CJYS92WX7HN6","3M93N4X8HKNWZNRFKTYBMCHCULVJSJ",54,1,0.0185185185185185,TRUE,TRUE,1,7,TRUE,4.25,"yes"
"261","A2CM5OMFQ6OUIU","33W1NHWFYHLNE29YRF6NKB1OF1LZT6",54,1,0.0185185185185185,TRUE,TRUE,1,7,TRUE,1.98214285714286,"no"
"262","A2CPI18KZN30KW","3A9LA2FRWSE84YIOQ31D97IPW8THXK",54,0,0,TRUE,TRUE,1,7,TRUE,4.3,"yes"
"263","A2CWJRAEFZ44HU","3HXCEECSQMTJVO8S1LTMSST3U33ZYV",54,0,0,TRUE,TRUE,1,7,TRUE,6,"yes"
"264","A2DCKE7398C0XV","3D4BBDG7ZHW57S0UKMGOR0W5DND3CS",54,0,0,TRUE,TRUE,1,7,TRUE,1,"yes"
"265","A2E0LU8V4EUX5C","3NZ1E5QA6Z1PB2VSK58MVDO78WE5BI",54,0,0,TRUE,TRUE,1,7,TRUE,4.25,"yes"
"266","A2E0LU8V4EUX5C","3WRBLBQ2GR8M7CH23LUOFTJD83L0G4",54,0,0,TRUE,TRUE,1,7,TRUE,5.25,"yes"
"267","A2EELTS09HUTSF","3I6NF2WGIGWL2J330R00WOF4O965GZ",54,4,0.0740740740740741,TRUE,TRUE,1,7,TRUE,1.125,"no"
"268","A2EELTS09HUTSF","3X55NP42EOGO1H9YPR2UB0VCB42P3X",54,0,0,TRUE,TRUE,1,7,TRUE,2.125,"yes"
"269","A2EHH2ZFIRF1BF","3SV8KD29L4SOBJJBX6SVJKESWPVKZO",54,2,0.037037037037037,TRUE,TRUE,1,7,TRUE,5.25,"yes"
"270","A2EI075XZT9Y2S","3BKZLF990ZZAHW71EPA91ZHZQ38QYP",54,0,0,TRUE,TRUE,1,7,TRUE,4.125,"yes"
"271","A2EI075XZT9Y2S","3EKTG13IZU3ZWI2A3HE2QIVY6LIMLC",54,0,0,TRUE,TRUE,1,7,TRUE,6,"yes"
"272","A2EJ06OGI9671Q","338GLSUI43BGUL5J137Q7EPK1EESFP",54,0,0,TRUE,TRUE,1,7,TRUE,5.875,"yes"
"273","A2EMTSJS47K8SU","32204AGAABCXICNY1T19LLIUTIXHGS",54,0,0,TRUE,TRUE,1,7,TRUE,4.875,"yes"
"274","A2EPBSY0VPI38S","3FVBZG9CLJE078CDNRC60TVEM18H0P",54,0,0,TRUE,TRUE,1,7,TRUE,5.375,"yes"
"275","A2F1AA15HG0FRU","306996CF6WKQNKU9JI6ASNBQXIZ1BR",54,0,0,TRUE,TRUE,1,7,TRUE,5.125,"yes"
"276","A2F4MWR5Q5ZUSS","3JU8CV4BRLCDN62K8PMMZ3TN6VYPOS",54,0,0,TRUE,TRUE,1,7,TRUE,5.5,"yes"
"277","A2FEPNA8OA1UE","3IQ9O0AYW6Z1JCKORBI1KGYYKR9TI0",54,0,0,TRUE,TRUE,1,7,TRUE,5,"yes"
"278","A2FFYLWXNYR0LE","38EHZ67RIMSJAQO9SQHMDQQQA4WMG6",54,0,0,TRUE,TRUE,1,7,TRUE,1.375,"yes"
"279","A2FGKKWP33DFWS","3UQ1LLR26A8YUHTL6EOXHR0YC4TALG",54,0,0,TRUE,TRUE,1,7,TRUE,4.375,"yes"
"280","A2FGKKWP33DFWS","3YCT0L9OMM9SIDI0ZRQ3FJYT47PNSL",54,0,0,TRUE,TRUE,1,7,TRUE,4.125,"yes"
"281","A2FL477TMKC91L","37MQ8Z1JQEWTPD5GCEK85HJWAXV2YO",54,0,0,TRUE,TRUE,1,7,TRUE,5.8,"yes"
"282","A2FL477TMKC91L","3VGZ74AYTGG614CIF1N8AULEGQSCGE",54,0,0,TRUE,TRUE,1,7,TRUE,4.5,"yes"
"283","A2FMEIDYEIWJA8","3IHWR4LC7DDILSS0OD76TK2B5CZI86",54,0,0,TRUE,TRUE,1,7,TRUE,5.5,"yes"
"284","A2FOUSWQDYHIE0","3KQC8JMJGCSWO0BA6EUP2RTLPDSH3K",54,0,0,TRUE,TRUE,1,7,TRUE,3.625,"yes"
"285","A2FYFCD16Z3PCC","3MDKGGG61QNLQSPNPA9CND8TB0ET66",54,0,0,TRUE,TRUE,1,7,TRUE,5.4,"yes"
"286","A2FYQIZWV2UJHS","34D9ZRXCYRULYUOBQNLYTDET4Y1SAC",54,0,0,TRUE,TRUE,1,7,TRUE,5.1,"yes"
"287","A2GCPNX75LDVAB","3ROUCZ907FUV26QJTP97A3OXXSROO4",54,0,0,TRUE,TRUE,1,7,TRUE,1,"yes"
"288","A2GDXQGEQT8RJJ","3CKVGCS3PG5PXHQTYLO5472GVCPS0L",54,0,0,TRUE,TRUE,1,7,TRUE,5.9,"yes"
"289","A2GTO3481Z6486","3I01FDIL6M8QR2APGIXUSW9VR7ZD2W",54,0,0,TRUE,TRUE,1,7,TRUE,4.8,"yes"
"290","A2HJDLSU95MH8Q","3SZYX62S5G029QS27OW6QB2BP6N75Y",54,0,0,TRUE,TRUE,1,7,TRUE,5.625,"yes"
"291","A2HRUFTA09371Y","30U1YOGZGAWJW1RNAXC0JEMZP1YSDE",54,0,0,TRUE,TRUE,1,7,TRUE,5.75,"yes"
"292","A2HSCKH5NKN5LP","3S1L4CQSFX5CUPJPK3LZMEVEF87AFB",54,0,0,TRUE,TRUE,1,7,TRUE,5.5,"yes"
"293","A2HXUTHYA5C1E0","374UMBUHN5PA69YOZ1MF9D036K0CTN",54,0,0,TRUE,TRUE,1,7,TRUE,5.5,"yes"
"294","A2I960JYUZ8KAV","3UYRNV2KITZAZT3RLTKYYSYSRBTN8R",54,0,0,TRUE,TRUE,1,7,TRUE,5.375,"yes"
"295","A2IMAGGCST8170","3ZXV7Q5FJBO0N4GN4HHQS9L2FBSFCI",54,0,0,TRUE,TRUE,1,7,TRUE,5.1,"yes"
"296","A2INXY39KBM92F","322ZSN9Z5GK7B5L96MGXQFOFE7J4T2",54,0,0,TRUE,TRUE,1,7,TRUE,4.375,"yes"
"297","A2IP3ZAFYGV8M9","3UL5XDRDNCJ694XLHTOC4BY60QT58J",54,0,0,TRUE,TRUE,1,7,TRUE,6,"yes"
"298","A2IQ0QCTQ3KWLT","3WGCNLZJKF8J2HSTXEXGNDZQZ1LD1F",54,0,0,TRUE,TRUE,1,7,TRUE,4.375,"yes"
"299","A2J5N770I859WE","35O6H0UNLSGVTLT48XL3T17KH3D5JY",54,0,0,TRUE,TRUE,1,7,TRUE,5.375,"yes"
"300","A2JDYN6QM8M5UN","379OL9DBSSE4PXQFXNZNF4RAF1F9YS",54,0,0,TRUE,TRUE,1,7,TRUE,4.625,"yes"
"301","A2JDYN6QM8M5UN","37ZQELHEQ0YPKI5VFUUH3AZNBGIMNE",54,0,0,TRUE,TRUE,1,7,TRUE,5,"yes"
"302","A2JI5RNPPXE8QE","3IKMEYR0LWVY58GZ8ZJHW94LBGW2KY",54,0,0,TRUE,TRUE,1,7,TRUE,5.375,"yes"
"303","A2JP9IKRHNLRPI","3FBEFUUYRK5GBWQEJAIVS8I1M94A68",54,0,0,TRUE,TRUE,1,7,TRUE,4.25,"yes"
"304","A2JRF141BH3W3Y","3RIHDBQ1NEYXAMJKCWZ4YQ2RP49MH5",54,0,0,TRUE,TRUE,1,7,TRUE,5.5,"yes"
"305","A2JSMMELB161IW","3L4YG5VW9NSDUC85D7HBOF0ZOYODD5",54,0,0,TRUE,TRUE,1,7,TRUE,1.1,"yes"
"306","A2JTSH1VPJQ8FR","36JW4WBR06KR4CR3Q9VR30IIS3XHFT",54,0,0,TRUE,TRUE,1,7,TRUE,5.5,"no"
"307","A2JZQHB8N6LS7T","3WJGKMRWVI93PK2RDBM049IH3YCDC5",54,0,0,TRUE,TRUE,1,7,TRUE,3.25,"yes"
"308","A2K10OAR4CHUQL","34R3P23QHS1TFYDYGY5R7O4IN6NHWR",54,0,0,TRUE,TRUE,1,7,TRUE,4.8,"yes"
"309","A2KSAAQBU5R0F6","3B0MCRZMBRUV86ELNPZ1O3YDG0UPP9",54,0,0,TRUE,TRUE,1,7,TRUE,4,"yes"
"310","A2KXT6WDPPG6N2","3VGET1QSZ0ZWM97M3PJFGBFO93R7WF",54,0,0,TRUE,TRUE,1,7,TRUE,5.2,"yes"
"311","A2L3X4ZZ0J2DZ2","3ULIZ0H1VA5OY4D0I8FXP1BYNMD15Q",54,0,0,TRUE,TRUE,1,7,TRUE,4.75,"yes"
"312","A2LAMCJLVCRQ4T","301KG0KX9CL73IFR2EGKJHOTJZSH29",54,0,0,TRUE,TRUE,1,7,TRUE,5.75,"yes"
"313","A2LT6KC1X51FVW","3O2Y2UIUCQUI62SBWUYOGSYAKK1FKV",54,0,0,TRUE,TRUE,1,7,TRUE,5.5,"yes"
"314","A2MCG5W6LHSRG9","391FPZIE4CMGNUOTLYQQP0JL2QCHUS",54,0,0,TRUE,TRUE,1,7,TRUE,5.7,"yes"
"315","A2MCG5W6LHSRG9","3U74KRR67MLTXDVFORVTPOUF6Q3TNG",54,0,0,TRUE,TRUE,1,7,TRUE,5.25,"yes"
"316","A2ML0070M8FDK1","3DIIW4IV8PVH2R5YCAHTC8M63Q3I4Z",54,0,0,TRUE,TRUE,1,7,TRUE,5.375,"yes"
"317","A2MLHV64M4T90H","30EV7DWJTVVH7EOHZGWBVU08Q2WY60",54,0,0,TRUE,TRUE,1,7,TRUE,1.875,"yes"
"318","A2MM8RN9555ZNJ","3PEG1BH7AERSTLGVRSCSX27P5M9KBI",54,0,0,TRUE,TRUE,1,7,TRUE,3,"no"
"319","A2MOKIEQZ0OF2M","3SCKNODZ0XG6ZFY8BOSSKS2XGRN7NO",54,0,0,TRUE,TRUE,1,7,TRUE,4.7,"yes"
"320","A2MPA2HU1DF1ZZ","3QGTX7BCHP2LT0Y8QJOPHVVA01Q5ZJ",54,0,0,TRUE,TRUE,1,7,TRUE,5.25,"yes"
"321","A2MS1GQLGAX9FZ","3BAWBGQGYLZJ7K7HDFEJU9WA2UP7V5",54,0,0,TRUE,TRUE,1,7,TRUE,5.5,"yes"
"322","A2MS1GQLGAX9FZ","3QREJ3J433X46U27I51MB53UHGNKL5",54,0,0,TRUE,TRUE,1,7,TRUE,5.875,"yes"
"323","A2MX0EF342FY3P","3D1UCPY6GG93VPAH3A0JPE0MNWS38M",54,0,0,TRUE,TRUE,1,7,TRUE,4.5,"yes"
"324","A2MYLV7DGUL42B","3Y7LTZE0YTM2EFONRKWXP7NQYFSZUX",54,0,0,TRUE,TRUE,1,7,TRUE,2.75,"yes"
"325","A2N2GFB33ZMYGF","375VSR8FVW9AYNW6NQ1SKW06RGOZRT",54,0,0,TRUE,TRUE,1,7,TRUE,5.5,"yes"
"326","A2N9U74YIPDQ9F","351S7I5UG9WZJAZACXHPNI767MNJN7",54,0,0,TRUE,TRUE,1,7,TRUE,4.375,"yes"
"327","A2NAKIXS3DVGAA","3P888QFVX3UYNI3Z821BZ8JXCT9QOE",54,0,0,TRUE,TRUE,1,7,TRUE,6,"yes"
"328","A2NEFRREWF33YP","34KYK9TV2R8QH4T3W1LUOOYZMGMSB7",54,0,0,TRUE,TRUE,1,7,TRUE,4.7,"yes"
"329","A2NELZYZFD4SSQ","3UY4PIS8QRLSOTJ6M8BJJIBKD5NN17",54,0,0,TRUE,TRUE,1,7,TRUE,5.125,"yes"
"330","A2NHFSO7GMM8QR","3GVPRXWRPHUELENHE8F0FK6GUST7I8",54,0,0,TRUE,TRUE,1,7,TRUE,5.8,"yes"
"331","A2NHFSO7GMM8QR","3SMIWMMK615YKKJIGXCQQ3T8HEPUW5",54,0,0,TRUE,TRUE,1,7,TRUE,4.5,"yes"
"332","A2NHP55T9ZX86Q","39TX062QX1OTAQBPBICB5DHFD2AX3Q",54,0,0,TRUE,TRUE,1,7,TRUE,3.875,"yes"
"333","A2NO44KT1KXFWC","3PN6H8C9R4QFW55TTXQ9YEST3VRDA3",54,0,0,TRUE,TRUE,1,7,TRUE,4.2,"yes"
"334","A2NT3OQZUUZPEO","3KTCJ4SCVG1M6BY6A7WJ63MK9H31MG",54,0,0,TRUE,TRUE,1,7,TRUE,5.25,"yes"
"335","A2NT3OQZUUZPEO","3QHITW7OYO99LE9YYJWTYDZSMAGAQ5",54,0,0,TRUE,TRUE,1,7,TRUE,5.9,"yes"
"336","A2NXHJ905WLGAA","3VDI8GSXAFT4P1M5YP7388PVR1X8GZ",54,0,0,TRUE,TRUE,1,7,TRUE,5.4,"yes"
"337","A2NXMRPHG86N2T","3G4VVJO6PZGUXFH5AXUTSMCEMQOPK8",54,0,0,TRUE,TRUE,1,7,TRUE,5.1,"yes"
"338","A2ONILC0LZKG6Y","3BFNCI9LYKQZVB5YT58DBE4RBAW738",54,0,0,TRUE,TRUE,1,7,TRUE,4.375,"yes"
"339","A2OU4N4VBIE91I","3RHLQY6EDT40UGPCKWGILB6TBLVD4S",54,0,0,TRUE,TRUE,1,7,TRUE,4.5,"yes"
"340","A2OU924AC8XCYC","3VMV5CHJZ8FNNLET1NIYZ4LI4CSGT1",54,0,0,TRUE,TRUE,1,7,TRUE,4.5,"yes"
"341","A2OVX9UW5WANQE","35JDMRECC49LY2WWBST30ILH125EG9",54,0,0,TRUE,TRUE,1,7,TRUE,5.375,"yes"
"342","A2OVX9UW5WANQE","38F60IALAGHQCH38NLTVECY2YXT0TD",54,0,0,TRUE,TRUE,1,7,TRUE,5.6,"yes"
"343","A2OX8TSRCU6NKD","3PMR2DOWOO15Q3AJ5QYZNZI1Y4X54C",54,0,0,TRUE,TRUE,1,7,TRUE,4.5,"yes"
"344","A2P065E9CYMYJL","32ZCLEW0BZKZMVBNSCUHR7C171OPJ9",54,0,0,TRUE,TRUE,1,7,TRUE,4.8,"yes"
"345","A2P53AN2M8IWFP","3L55D8AUFAX6NVXI979EHUSILMICYC",54,1,0.0185185185185185,TRUE,TRUE,1,7,TRUE,5.2,"yes"
"346","A2P8V5SKYLL5I4","374UMBUHN5PA69YOZ1MF9D036K0CTN",54,2,0.037037037037037,TRUE,TRUE,1,7,TRUE,4.625,"yes"
"347","A2P93KBD3WXXTW","34R0BODSP1ZNI57CUWACWLUSBTR5EI",54,0,0,TRUE,TRUE,1,7,TRUE,1.375,"yes"
"348","A2PGCDF7U8EEIK","3P7RGTLO6EDNABB3LECW2RNJN4OKAN",54,1,0.0185185185185185,TRUE,TRUE,1,7,TRUE,5.88888888888889,"yes"
"349","A2PIFMM4Q2I9ZS","3L1EFR8WWT5YP69KSX7ZQJKU9QPF91",54,0,0,TRUE,TRUE,1,7,TRUE,4.2,"yes"
"350","A2PLJREKV92BZN","32CAVSKPCEP5JJ3FJ9N5XD3EM35U10",54,0,0,TRUE,TRUE,1,7,TRUE,4.375,"yes"
"351","A2PSR3CMNR1R9X","3KLL7H3EGD1G09DTQO0VLML4GXLHVH",54,0,0,TRUE,TRUE,1,7,TRUE,4.25,"yes"
"352","A2PTTSUG7NF42Q","3DA79LNS59VMT92568BEGAW919CT30",54,0,0,TRUE,TRUE,1,7,TRUE,3.25,"yes"
"353","A2QRW24EKQU705","3YD0MU1NC21ZFW4J2KNNYMIXHKO7A4",54,0,0,TRUE,TRUE,1,7,TRUE,4.75,"yes"
"354","A2QX2B50DM45E2","3R16PJFTS3R88MVMCD25PO1JVUSK4C",54,0,0,TRUE,TRUE,1,7,TRUE,2.75,"yes"
"355","A2R02DYCDLY75U","3SR6AEG6W5TX438YVZNFSLPYZGCYH1",54,0,0,TRUE,TRUE,1,7,TRUE,5.125,"yes"
"356","A2R0YYUAWNT7UD","38B7Q9C28G526DG9R44VWD7HHTC69K",54,0,0,TRUE,TRUE,1,7,TRUE,2.375,"yes"
"357","A2R0YYUAWNT7UD","3D1UCPY6GG93VPAH3A0JPE0MMU283W",54,0,0,TRUE,TRUE,1,7,TRUE,3.625,"yes"
"358","A2R75YFKVALBXE","3BO3NEOQM0HW4GLFLBRKPB86V0ZAI2",54,0,0,TRUE,TRUE,1,7,TRUE,4.375,"yes"
"359","A2REBBMVBFBWFD","3KL228NDMVMOK2O67E46YDYMLZ1KGZ",54,0,0,TRUE,TRUE,1,7,TRUE,5.2,"yes"
"360","A2RGHUEITGT0MG","3L60IFZKF3IBI8I9LZJR6LUV8IAHHR",54,0,0,TRUE,TRUE,1,7,TRUE,4.4,"yes"
"361","A2RVFMCKSSEHDV","3L21G7IH47WM0SNKTAKU0Y9RIRGY12",54,0,0,TRUE,TRUE,1,7,TRUE,4.7,"yes"
"362","A2RVFMCKSSEHDV","3LN50BUKPVB5HLZNVX6U7MPTBQTPLB",54,0,0,TRUE,TRUE,1,7,TRUE,4.25,"yes"
"363","A2RWB8JR7AGKXZ","31YWE12TE0CBB9CCDUF1IUTVI5X7X8",54,0,0,TRUE,TRUE,1,7,TRUE,4.875,"yes"
"364","A2S96ZZ70YFPSK","3TL87MO8CMPTQ8ATHUAPVSBP9K6FLY",54,0,0,TRUE,TRUE,1,7,TRUE,4.875,"yes"
"365","A2SD7GN80U31GW","3E9VAUV7BWEIUG0KPTDNBZ2ULJXAY8",54,0,0,TRUE,TRUE,1,7,TRUE,3.875,"yes"
"366","A2SRMCYEJY294T","3OZ4VAIBEXFCRF8JEO3GXZ1JTPPJVO",54,0,0,TRUE,TRUE,1,7,TRUE,3.5,"yes"
"367","A2STMS163OI8TB","30QQTY5GMKKJU5IH8P4EYNURONG7UG",54,2,0.037037037037037,TRUE,TRUE,1,7,TRUE,5.325,"yes"
"368","A2T1LNI80EPOQR","3ZQA3IO31BRA6EJINNBWY7BP4HHO1H",54,0,0,TRUE,TRUE,1,7,TRUE,6,"yes"
"369","A2T675UCHNTSSW","33W1NHWFYHLNE29YRF6NKB1OG4BTZX",54,0,0,TRUE,TRUE,1,7,TRUE,4.5,"yes"
"370","A2TVJTQ4VXATE6","39RRBHZ0AU12RUDNWA62LTP9DPRVZF",54,0,0,TRUE,TRUE,1,7,TRUE,4.125,"yes"
"371","A2TVJTQ4VXATE6","3UOMW19E6D68L7NYY54H6XUPQHE5CP",54,0,0,TRUE,TRUE,1,7,TRUE,4.375,"no"
"372","A2U45Y0OV3P7D8","34XASH8KLQMPN3H8V9797Z4IBVJPMD",54,0,0,TRUE,TRUE,1,7,TRUE,3.9,"yes"
"373","A2UETT92P31OCW","3TCFMTM8HEOWZ7UD0PDZRU8M3CM12P",54,0,0,TRUE,TRUE,1,7,TRUE,6,"yes"
"374","A2UIGDOLX5RV95","3IVEC1GSLPZW53SL7AJRQBU35N81JC",54,0,0,TRUE,TRUE,1,7,TRUE,3.25,"yes"
"375","A2UISTPVTDPOOG","33EEIIWHK77TD2CW9ENPU0D58M6VQL",54,0,0,TRUE,TRUE,1,7,TRUE,5.1,"yes"
"376","A2UZC574AOQP00","3DW3BNF1GHIN7YC0NK6P89S5EGKV8A",54,0,0,TRUE,TRUE,1,7,TRUE,1.125,"no"
"377","A2V27A9GZA1NR2","3VZYA8PITOYORFSIMPBXBWSOHSH50W",54,0,0,TRUE,TRUE,1,7,TRUE,4,"yes"
"378","A2V27A9GZA1NR2","3X0EMNLXEPP8DQBH9180UVNV3QKVPU",54,0,0,TRUE,TRUE,1,7,TRUE,4.9,"yes"
"379","A2VE2JM0RFYIOU","336OE47KI2KYXZ8ILNMVMPVRWNNVWP",54,1,0.0185185185185185,TRUE,TRUE,1,7,TRUE,3.01785714285714,"no"
"380","A2VFEDAK5C1E1O","3YOAVL4CA0H3XHU8CE5FC3PWZ354ZI",54,0,0,TRUE,TRUE,1,7,TRUE,4.75,"yes"
"381","A2VLTSW6CXIUMR","3YD0MU1NC21ZFW4J2KNNYMIXHKOA77",54,0,0,TRUE,TRUE,1,7,TRUE,3.625,"yes"
"382","A2VNSNAN1LZBAM","3JYPJ2TAYI8JHTPR9M3WC9K9EU7FPW",54,0,0,TRUE,TRUE,1,7,TRUE,6,"yes"
"383","A2VTUR86NML1F8","30Z7M1Q8UYK3FA92CPFTCMESS4UA8U",54,0,0,TRUE,TRUE,1,7,TRUE,2.75,"no"
"384","A2VUAAJHX6ROS9","3MJ9GGZYO36STV7DW86S2V1P642A2R",54,0,0,TRUE,TRUE,1,7,TRUE,5.25,"yes"
"385","A2W121DQXNQK1","3J94SKDEKIPIQZTCY1ZSQ3C7BHQ5DP",54,0,0,TRUE,TRUE,1,7,TRUE,5.5,"yes"
"386","A2W5MSZP0O4Y2P","3DFYDSXB2W0CE0JJ9YTB1DZ0FIGJUZ",54,0,0,TRUE,TRUE,1,7,TRUE,5.25,"yes"
"387","A2WHC086WNUQNB","3VDVA3ILIDFME12KZ4YOTY2NDVR1G8",54,0,0,TRUE,TRUE,1,7,TRUE,4.5,"yes"
"388","A2WJMGV0HKQG3Z","3B9J25CZ25D9R9L9A1HPZ84H41MCSY",54,0,0,TRUE,TRUE,1,7,TRUE,4.875,"yes"
"389","A2WVCXVSE0YGML","36FQTHX3Z3RMXN8O6MKTGGQNU0NB3Y",54,0,0,TRUE,TRUE,1,7,TRUE,5.4,"yes"
"390","A2WWYVKGZZXBOB","32L724R85LK3RKRHAU9HF6X1UMZPIX",54,0,0,TRUE,TRUE,1,7,TRUE,5.25,"yes"
"391","A2XK59FYAFO9EX","308KJXFUJR6MDU1QFNQO3IAF7J4TAW",54,0,0,TRUE,TRUE,1,7,TRUE,5,"yes"
"392","A2XQ3CFB5HT2ZQ","30Z7M1Q8UYK3FA92CPFTCMEST6K8AN",54,2,0.037037037037037,TRUE,TRUE,1,7,TRUE,4.875,"yes"
"393","A2Y0WNHMT4PZ4C","3MGHRFQY2LPMT322XRGUMTQHDZAY0Z",54,0,0,TRUE,TRUE,1,7,TRUE,4.75,"yes"
"394","A2Y7RA3JIQXV6M","31KSVEGZ34S64SR1C3HLLS6OAFLRWY",54,0,0,TRUE,TRUE,1,7,TRUE,4.375,"yes"
"395","A2Y87M8V0N1M6P","306996CF6WKQNKU9JI6ASNBQWG9B16",54,0,0,TRUE,TRUE,1,7,TRUE,4.1,"yes"
"396","A2YCMT5BPA0AG9","3GVPRXWRPHUELENHE8F0FK6GUSTI7J",54,0,0,TRUE,TRUE,1,7,TRUE,4.875,"yes"
"397","A2YGOORS5N9RW8","3538U0YQ1FUCA4K4BO6PZ6H89YFF3K",54,0,0,TRUE,TRUE,1,7,TRUE,6,"yes"
"398","A2YHF0DPCO832L","3VLL1PIENQO71A4QVYKOQ1V1GT4ZOK",54,0,0,TRUE,TRUE,1,7,TRUE,5.25,"yes"
"399","A2YHOJLEZR8663","363A7XIFV4M1QM5FKIQ340Y032VAVZ",54,0,0,TRUE,TRUE,1,7,TRUE,4.3,"yes"
"400","A2YIB84VKYNKWD","3HEM8MA6H9CG8IF0N2EQO8ONLWGPQ0",54,0,0,TRUE,TRUE,1,7,TRUE,5,"yes"
"401","A2YO837C0O1E91","3Y3CZJSZ9KTCR9CHG2UCVSTBRK75RQ",54,0,0,TRUE,TRUE,1,7,TRUE,5.25,"yes"
"402","A2YTO4EY3MNYAJ","3IVKZBIBJ0908HWPWTVQAZ1XHTRHSC",54,0,0,TRUE,TRUE,1,7,TRUE,5.9,"yes"
"403","A2YTQDLACTLIBA","3EHIMLB7F7ZIPXHGIVPLT81W61A8HY",54,0,0,TRUE,TRUE,1,7,TRUE,5.375,"yes"
"404","A2YVC1U50H2B4R","30EV7DWJTVVH7EOHZGWBVU08P076YE",54,0,0,TRUE,TRUE,1,7,TRUE,6,"yes"
"405","A2Z6NL0CTXY0ZB","3DTJ4WT8BDFLPJR11KHSLP1NCSZEZY",54,0,0,TRUE,TRUE,1,7,TRUE,5.25,"yes"
"406","A2Z6NL0CTXY0ZB","3J94SKDEKIPIQZTCY1ZSQ3C7CJG5DK",54,0,0,TRUE,TRUE,1,7,TRUE,5.9,"yes"
"407","A2ZDEERVRN5AMC","3OND0WXMHWFZYYR7VYBLLIXIG2IEH8",54,0,0,TRUE,TRUE,1,7,TRUE,5.625,"yes"
"408","A2ZDEERVRN5AMC","3W0XM68YZPVRGNY3PVJ3RQUGJAIK1Z",54,0,0,TRUE,TRUE,1,7,TRUE,5.625,"yes"
"409","A2ZGAH6NOSU2PO","3L84EBDQ372TMOKPX5PLW5QFSGIKK2",54,0,0,TRUE,TRUE,1,7,TRUE,6,"yes"
"410","A2ZHBK2MDL2L51","3YLTXLH3DF63VPGX4CRWFUWMU9KHPW",54,1,0.0185185185185185,TRUE,TRUE,1,7,TRUE,1.17777777777778,"yes"
"411","A2ZJS73XSSMRTD","34F34TZU7WZ3UOAHQEJ5VU48WRW2JZ",54,0,0,TRUE,TRUE,1,7,TRUE,4.375,"yes"
"412","A2ZL5GAZK6S0H1","3VW0145YLYCT1SEA0W2PA3I62WDJM7",54,0,0,TRUE,TRUE,1,7,TRUE,5,"yes"
"413","A2ZLIHPKKU69QZ","3YKP7CX6G2F4Y69B8YNJTX23Z297BZ",54,0,0,TRUE,TRUE,1,7,TRUE,1.125,"yes"
"414","A2ZZW6KME1FUDU","3SX4X51T809602WIJ64P984S8BNOA5",54,0,0,TRUE,TRUE,1,7,TRUE,5,"yes"
"415","A304UJAE051J89","3X4Q1O9UBHMOH0YKC3S5ZH2273HO7E",54,0,0,TRUE,TRUE,1,7,TRUE,5.6,"yes"
"416","A30HUZHJBOX1LK","3YD0MU1NC21ZFW4J2KNNYMIXHKO7A4",54,0,0,TRUE,TRUE,1,7,TRUE,5.875,"yes"
"417","A30NHACXAOBWFH","3JVP4ZJHDPS033NXT9UR05WTMENI0J",54,0,0,TRUE,TRUE,1,7,TRUE,5.2,"yes"
"418","A30UE6DWFNUCWX","37MQ8Z1JQEWTPD5GCEK85HJWAXUY2J",54,0,0,TRUE,TRUE,1,7,TRUE,4.8,"yes"
"419","A31JM0OGO39IRZ","3MNJFORX8B4FOJ78P7UIE3FSNU6F5A",54,0,0,TRUE,TRUE,1,7,TRUE,2.5,"yes"
"420","A320QA9HJFUOZO","3K2CEDRACB1NFVAFCQGTC95F10TTMG",54,0,0,TRUE,TRUE,1,7,TRUE,4.5,"yes"
"421","A320QA9HJFUOZO","3ZUE82NE0A1YB1QAN51LQNPJPK7F8C",54,0,0,TRUE,TRUE,1,7,TRUE,5.7,"yes"
"422","A326O3VWP8TO8N","367O8HRHKG86W58UHMB7GASTCO5S41",54,0,0,TRUE,TRUE,1,7,TRUE,5.6,"yes"
"423","A32JEH06T23HDF","31MBOZ6PAORMNWQJQSKONMQMC7ECLK",54,0,0,TRUE,TRUE,1,7,TRUE,4.25,"yes"
"424","A32QFJTK9LJXLR","32LAQ1JNT9P6S3FOLS7F3JM9DK7UTF",54,0,0,TRUE,TRUE,1,7,TRUE,5.875,"yes"
"425","A3388HIWAKD3DV","368IUKXGA58NY0WG8T0SI37WLV4P63",54,0,0,TRUE,TRUE,1,7,TRUE,4.25,"yes"
"426","A33NG3ZGW5DNQY","3DGDV62G7O9ZGZDFLROPSQQK5Q2P2M",54,0,0,TRUE,TRUE,1,7,TRUE,4.625,"yes"
"427","A33RBG4AB7LIPJ","3IYI9285WS0GS62JN78B77DU8I9CJI",54,0,0,TRUE,TRUE,1,7,TRUE,4,"yes"
"428","A33T45FNLQC14X","3PN6H8C9R4QFW55TTXQ9YEST3VRDA3",54,0,0,TRUE,TRUE,1,7,TRUE,1.4,"no"
"429","A33Z6BHAJUGCHY","3UEDKCTP9VQ5R9D5EB0CS0LTMWIK7W",54,1,0.0185185185185185,TRUE,TRUE,1,7,TRUE,5.875,"yes"
"430","A344LLSZXN3WL6","3H6W48L9F4PLSFBMZBDWGX699XXPW4",54,0,0,TRUE,TRUE,1,7,TRUE,3.75,"yes"
"431","A34SIGOLUGKIHJ","38XPGNCKHT0MOXPYBHGCRXC0CUOV43",54,0,0,TRUE,TRUE,1,7,TRUE,5.25,"yes"
"432","A34U4186EW0B9X","385MDVINFCFP648O4Y8CJ1KX0YRJWY",54,0,0,TRUE,TRUE,1,7,TRUE,5.5,"yes"
"433","A351P2O6QGTCS","3MD8CKRQZZNKY8R254Y6W2CG8JCJRV",54,0,0,TRUE,TRUE,1,7,TRUE,1.875,"yes"
"434","A353XKDTUX10NC","39I4RL8QGJHH6WUE6SZ8CWLR3DOH45",54,0,0,TRUE,TRUE,1,7,TRUE,5,"yes"
"435","A35TUIBF05DKM4","3KLL7H3EGD1G09DTQO0VLML4GXLHVH",54,0,0,TRUE,TRUE,1,7,TRUE,5.125,"yes"
"436","A3686GG56DXS8W","3TZ0XG8CBUKPARZXKJ1TGR38NO2898",54,0,0,TRUE,TRUE,1,7,TRUE,5.4,"yes"
"437","A3696JXTRKL2FI","3J9L0X0VDFM00SVFIMHZU76U5V4W9A",54,0,0,TRUE,TRUE,1,7,TRUE,5.375,"yes"
"438","A369RF97DE3FAI","3KI0JD2ZU1IYSUSGC76BIHGBM3O678",54,0,0,TRUE,TRUE,1,7,TRUE,4.625,"yes"
"439","A36A2JLZUOPNUM","3R5LWXWHR08U42ND6XJVO76OH8GGXK",54,0,0,TRUE,TRUE,1,7,TRUE,2.5,"yes"
"440","A36GU3OHGLDS8R","37OPIVELUU3W8LAVFT9ZPZ7RVNKHAG",54,0,0,TRUE,TRUE,1,7,TRUE,3.625,"yes"
"441","A36IO734EV3V08","3Z33IC0JC0MNL3VASCC385NGXKD9VJ",54,0,0,TRUE,TRUE,1,7,TRUE,5.125,"yes"
"442","A36IO8HVVL5WTZ","39HYCOOPKOLGY6EIQ0GE75NTXCGMDW",54,0,0,TRUE,TRUE,1,7,TRUE,4.375,"yes"
"443","A36UFZOEMNO9GJ","3MGHRFQY2LPMT322XRGUMTQHDZB0Y2",54,0,0,TRUE,TRUE,1,7,TRUE,4.5,"yes"
"444","A36ZKMRJCHF2HX","35A1YQPVFEGZYA9YQF03H0SK4OO5IM",54,1,0.0185185185185185,TRUE,TRUE,1,7,TRUE,4.3,"yes"
"445","A37KREDYGDTP4U","3E6L1VR4XWMB7N7MUQ4N69TSJPHF6Q",54,0,0,TRUE,TRUE,1,7,TRUE,4.8,"yes"
"446","A37PUSY6CJ7TQ0","3OND0WXMHWFZYYR7VYBLLIXIG2IHEB",54,0,0,TRUE,TRUE,1,7,TRUE,5.125,"yes"
"447","A37S96RT1P1IT2","37J05LC5AXJQXY8XN33MRDVCTILDJJ",54,0,0,TRUE,TRUE,1,7,TRUE,5.625,"yes"
"448","A38BNV13AV0S8Y","3PKJ68EHDNW79EDZ9ZMCIYAALAEJHY",54,0,0,TRUE,TRUE,1,7,TRUE,4.125,"yes"
"449","A38IPIPA3T3G4","3566S7OX5DJ3L8RJ61UUNLPUES8175",54,0,0,TRUE,TRUE,1,7,TRUE,4.875,"yes"
"450","A3908297ZI3LES","3UZUVSO3P7VLQCSIMVRYDN5EXOHEMH",54,0,0,TRUE,TRUE,1,7,TRUE,5.125,"yes"
"451","A39148ITT8EQCN","34OWYT6U3WHIZXBAT5DKTGXMPIHI9V",54,0,0,TRUE,TRUE,1,7,TRUE,4.125,"yes"
"452","A397HP5TSIF2LO","3LN50BUKPVB5HLZNVX6U7MPTCSILP1",54,0,0,TRUE,TRUE,1,7,TRUE,5.25,"yes"
"453","A39C1BN9ZSQ0R2","3D06DR5225JI0ZB66QPCH4FNC9JMAU",54,0,0,TRUE,TRUE,1,7,TRUE,5.5,"yes"
"454","A39FJ8DCK0T28","3AJA9FLWSCYR072NWRDC3CJXSGCFIK",54,0,0,TRUE,TRUE,1,7,TRUE,3.625,"yes"
"455","A39K5MR4MCSC56","3PR3LXCWSFZFPS05SRDLWQK1DVL9XM",54,0,0,TRUE,TRUE,1,7,TRUE,2.875,"yes"
"456","A39MKVROUZ1UWR","39O0SQZVJN7REDQ04V99TC77HOC7RC",54,0,0,TRUE,TRUE,1,7,TRUE,5.3,"yes"
"457","A3A7HDHB9NTFGR","3N7PQ0KLI5PK4QK8GDMJHOW8YZQ3EL",54,0,0,TRUE,TRUE,1,7,TRUE,1.125,"no"
"458","A3AY059NMP3VIZ","3BS6ERDL937E93TQ3K9XI9Q77C1D6D",54,0,0,TRUE,TRUE,1,7,TRUE,4,"yes"
"459","A3B2YRXL26RPVH","3S37Y8CWI80Z3MP31RL8DZVEJ3QW4E",54,3,0.0555555555555556,TRUE,TRUE,1,7,TRUE,5.375,"yes"
"460","A3B7TNVOISSZ2O","3K3G488TR28CF8XH3N5CQ2J6VY55QP",54,0,0,TRUE,TRUE,1,7,TRUE,3.5,"yes"
"461","A3CD3C99T8S6ON","3J94SKDEKIPIQZTCY1ZSQ3C7BHQD5X",54,0,0,TRUE,TRUE,1,7,TRUE,5.7,"yes"
"462","A3CE0SWITZK3UD","3J94SKDEKIPIQZTCY1ZSQ3C7BHQ5DP",54,0,0,TRUE,TRUE,1,7,TRUE,5.75,"yes"
"463","A3CGQOJC28OVGN","3EKZL9T8Y8MK107TZ75QVUXFVQ5HCI",54,0,0,TRUE,TRUE,1,7,TRUE,4.9,"yes"
"464","A3CH1Z6J9R38G9","3BCRDCM0ODUMN9Z0V1VKMMLXRLYK6X",54,0,0,TRUE,TRUE,1,7,TRUE,4.375,"yes"
"465","A3CI73EFDLS3OF","37VHPF5VYC3R8P60W3BKIH4GT958CP",54,0,0,TRUE,TRUE,1,7,TRUE,5.2,"yes"
"466","A3CP0DLCGX5J7O","388CL5C1RJND441ZCKYPYDN2PZJHLY",54,0,0,TRUE,TRUE,1,7,TRUE,5.1,"yes"
"467","A3CTXNQ2GXIQSP","3SMIWMMK615YKKJIGXCQQ3T8HEPUW5",54,0,0,TRUE,TRUE,1,7,TRUE,5.125,"yes"
"468","A3CTXNQ2GXIQSP","3ZUE82NE0A1YB1QAN51LQNPJQMX8F0",54,0,0,TRUE,TRUE,1,7,TRUE,5,"yes"
"469","A3D2U4QF7821ZW","39XCQ6V3KY4J5QEXOEREKX2FUV356X",54,0,0,TRUE,TRUE,1,7,TRUE,4.75,"yes"
"470","A3DUPRZSMU9W5R","3NSCTNUR2ZNKSSQ0ER8Q0241QET5AN",54,0,0,TRUE,TRUE,1,7,TRUE,3.75,"yes"
"471","A3E8SXH0BAYG85","3RSBJ6YZECQ1WTDQUMQHN9FJ5R0OFI",54,0,0,TRUE,TRUE,1,7,TRUE,4.5,"yes"
"472","A3EG4C9T4F5DUR","3566S7OX5DJ3L8RJ61UUNLPUDQI71G",54,0,0,TRUE,TRUE,1,7,TRUE,3.375,"yes"
"473","A3EHDY67QENKPT","3XBYQ44Z6P4JK74TGSMGL776Z27TW7",54,0,0,TRUE,TRUE,1,7,TRUE,4.125,"yes"
"474","A3EUGO4VR2N4G1","360ZO6N6J1J4VG11EKBCL9436R1M9F",54,0,0,TRUE,TRUE,1,7,TRUE,5.125,"yes"
"475","A3EWR58W0SA885","3PA41K45VN4620ALR35KOH7SG6OP72",54,0,0,TRUE,TRUE,1,7,TRUE,3.875,"yes"
"476","A3F51C49T9A34D","3LB1BGHFL2WN9CZTVT4464SMAA7TY6",54,0,0,TRUE,TRUE,1,7,TRUE,4.625,"yes"
"477","A3FGT6EU39C6S4","3KWGG5KP6J26TE84Q4L3NZ5BCC4MCW",54,0,0,TRUE,TRUE,1,7,TRUE,4.25,"yes"
"478","A3FJCLBK3HF4PD","3NBFJK3IOHI7AT9L56WZ5UFV660OGH",54,0,0,TRUE,TRUE,1,7,TRUE,5.125,"yes"
"479","A3FK6CWJPUWEWH","3MNJFORX8B4FOJ78P7UIE3FSNU65F0",54,1,0.0185185185185185,TRUE,TRUE,1,7,TRUE,4.375,"yes"
"480","A3FNC8ELMK8YJA","3CRWSLD91K472357G9UUIZZS1QNMOT",54,0,0,TRUE,TRUE,1,7,TRUE,5.9,"yes"
"481","A3FNC8ELMK8YJA","3ZFRE2BDQ9EUVJIIWP7K9EMUT0ZXZK",54,0,0,TRUE,TRUE,1,7,TRUE,5.3,"yes"
"482","A3FPBLKQZ3U2WP","3HA5ODM5KAS5QIR91ICUP0S6QARVSA",54,0,0,TRUE,TRUE,1,7,TRUE,3.75,"yes"
"483","A3G5IPGLH1IIZN","371DNNCG4428U68BIP6A7R4KHV58T8",54,0,0,TRUE,TRUE,1,7,TRUE,4.5,"yes"
"484","A3G8OON0TDPN1E","3QMELQS6Y5B8ADCVLL4HNY7BNFHR6R",54,0,0,TRUE,TRUE,1,7,TRUE,4,"yes"
"485","A3GK90X2QOFR53","307FVKVSYRFKD7O2TJDWLJWXPAS74T",54,0,0,TRUE,TRUE,1,7,TRUE,3.875,"yes"
"486","A3GPTSDDHJ2DBV","34ZTTGSNJXOOV1HC4P6LFZMWZ56HQN",54,0,0,TRUE,TRUE,1,7,TRUE,4.8,"yes"
"487","A3GXC3VG37CQ3G","3MWOYZD5WVODKLQ7SA9UVEOS7IMONP",54,0,0,TRUE,TRUE,1,7,TRUE,4.25,"yes"
"488","A3GZYWA9S6J0K9","3A520CCNWN0KOBJTPS1T4WAE37SAET",54,0,0,TRUE,TRUE,1,7,TRUE,4.625,"yes"
"489","A3H3BTRV6I3LYU","3PCPFX4U40Q4H5Q69ZILCEAJJQTFQN",54,0,0,TRUE,TRUE,1,7,TRUE,5,"yes"
"490","A3H8M155NBFE1L","3PUOXASB5734UN0KT916TB0CLVJ9ZJ",54,0,0,TRUE,TRUE,1,7,TRUE,5,"yes"
"491","A3HHDPKL3O3O7Y","3VADEH0UHCXSLYUDF63VJ83O3K1PSP",54,1,0.0185185185185185,TRUE,TRUE,1,7,TRUE,4.125,"yes"
"492","A3HK6YK0OK13X2","33Q5P9PUSPM6SL7N5TBXV11KRGMCZ3",54,0,0,TRUE,TRUE,1,7,TRUE,4.4,"yes"
"493","A3HOBJ4PJUOCUN","37VE3DA4YUH1RVFNL79VKARXD55HBB",54,0,0,TRUE,TRUE,1,7,TRUE,5.5,"yes"
"494","A3HOBJ4PJUOCUN","3I7SHAD35MW0HXD8ZNDS7DDXB1D7MO",54,0,0,TRUE,TRUE,1,7,TRUE,5,"yes"
"495","A3HP7L563UF5DW","36FFXPMST9OLAP4WPCEHQURWL6DOHG",54,0,0,TRUE,TRUE,1,7,TRUE,4.625,"yes"
"496","A3I1W58P6SIV26","3GITHABACYLZDE125CBXO1LP5B12N3",54,0,0,TRUE,TRUE,1,7,TRUE,5.875,"yes"
"497","A3I1W58P6SIV26","3UL5XDRDNCJ694XLHTOC4BY61SJ85H",54,0,0,TRUE,TRUE,1,7,TRUE,4.6,"yes"
"498","A3I30I5FLRFZTL","3GONHBMNHVYJ17JEII5BYX6WLTPZM5",54,0,0,TRUE,TRUE,1,7,TRUE,4.75,"yes"
"499","A3I40B0FATY8VH","3B6F54KMR2CP46BBU4S5ICLQ04VS1O",54,0,0,TRUE,TRUE,1,7,TRUE,6,"yes"
"500","A3I9FTHSULHPYS","3ATYLI1PRT2H1VZMDCH2277BYYHOJL",54,0,0,TRUE,TRUE,1,7,TRUE,4.625,"yes"
"501","A3I9FTHSULHPYS","3X878VYTIEIUBNLRD09FCNTOE01F7P",54,0,0,TRUE,TRUE,1,7,TRUE,4.9,"yes"
"502","A3ICFB5LP54FO2","306W7JMRYYY8YKEUI3FP7XYYBO58BI",54,0,0,TRUE,TRUE,1,7,TRUE,2.6,"no"
"503","A3JTDNRJYVCGQD","36MUZ9VAE62IMIM592SVUXIKOAPDEY",54,0,0,TRUE,TRUE,1,7,TRUE,5.125,"yes"
"504","A3K9GTQBOI7O5A","3OZ4VAIBEXFCRF8JEO3GXZ1JUREVJU",54,1,0.0185185185185185,TRUE,TRUE,1,7,TRUE,4.06666666666667,"no"
"505","A3KF6O09H04SP7","33P2GD6NRNS2KYJHRKMOJDAN0ZEHKV",54,0,0,TRUE,TRUE,1,7,TRUE,5.6,"yes"
"506","A3KF6O09H04SP7","3IZPORCT1F9O72WCH4VLKPW1VR8HRO",54,0,0,TRUE,TRUE,1,7,TRUE,4.5,"yes"
"507","A3KF6O09H04SP7","3XJOUITW8URE0A874JNATIPKB1QQT0",54,0,0,TRUE,TRUE,1,7,TRUE,5.1,"yes"
"508","A3KK1BNF5H0N1Z","3DW3BNF1GHIN7YC0NK6P89S5EGL8VO",54,0,0,TRUE,TRUE,1,7,TRUE,2.375,"yes"
"509","A3KK5FKG3L0Q66","3MA5N0ATTCBKHOE6MJ8OKGKAFNRKWY",54,0,0,TRUE,TRUE,1,7,TRUE,3.625,"yes"
"510","A3KP8KFGG6734Q","37OPIVELUU3W8LAVFT9ZPZ7RVNKAH9",54,0,0,TRUE,TRUE,1,7,TRUE,5.375,"yes"
"511","A3L0DCUXI7X3A9","3ZRKL6Z1E83M8L1ECND8PZPW2TEGSC",54,0,0,TRUE,TRUE,1,7,TRUE,5.25,"yes"
"512","A3L4JI1S352HB8","3PN6H8C9R4QFW55TTXQ9YEST3VRAD0",54,0,0,TRUE,TRUE,1,7,TRUE,5.375,"yes"
"513","A3LL096CAY5WHB","3IKMEYR0LWVY58GZ8ZJHW94LBGWK2G",54,2,0.037037037037037,TRUE,TRUE,1,7,TRUE,4.8,"yes"
"514","A3LRZX8477TYYZ","3M47JKRKCX12S8XZMCYHWHC6WL4862",54,0,0,TRUE,TRUE,1,7,TRUE,5.75,"yes"
"515","A3LVLZS8S41ZD7","3DGDV62G7O9ZGZDFLROPSQQK5Q22PZ",54,0,0,TRUE,TRUE,1,7,TRUE,3.625,"yes"
"516","A3M97GKJ6PVL3A","3UUSLRKAUL3XD37VMUEPONQ32NLD7C",54,0,0,TRUE,TRUE,1,7,TRUE,1.5,"no"
"517","A3MD34XEB4H6JF","3NOEP8XAU420HFGC9G9IIGKGIZ3PXX",54,2,0.037037037037037,TRUE,TRUE,1,7,TRUE,5.375,"yes"
"518","A3MLUEOP3CCLXL","37ZQELHEQ0YPKI5VFUUH3AZNCI7NM9",54,2,0.037037037037037,TRUE,TRUE,1,7,TRUE,5.83333333333333,"yes"
"519","A3N0QZ9ZKUCTCQ","33NOQL7T9OZ4GIHAOHVSTF512RR8ZO",54,0,0,TRUE,TRUE,1,7,TRUE,4.375,"yes"
"520","A3N4L5F7CEY0B2","3S1L4CQSFX5CUPJPK3LZMEVEF87FAG",54,0,0,TRUE,TRUE,1,7,TRUE,4.7,"yes"
"521","A3NXT3OVGL7QNR","37Y5RYYI0P5XU7W41XDCDLPR6LZXSF",54,0,0,TRUE,TRUE,1,7,TRUE,5.5,"yes"
"522","A3NXT3OVGL7QNR","3WRAAIUSBJZTUBAAKXRLSLVLJD3AX2",54,0,0,TRUE,TRUE,1,7,TRUE,5.7,"yes"
"523","A3O0ZQMDKOKAMR","3YZ7A3YHR5TOSOCUVRUHL2Y7CK0S56",54,0,0,TRUE,TRUE,1,7,TRUE,5.9,"yes"
"524","A3O4WYGKH31OX","3PMR2DOWOO15Q3AJ5QYZNZI1Y4X54C",54,0,0,TRUE,TRUE,1,7,TRUE,5.25,"yes"
"525","A3O5TJE0GU5TPB","35ZRNT9RUIY6GHXXARPFM0QM21VO39",54,1,0.0185185185185185,TRUE,TRUE,1,7,TRUE,3.6,"yes"
"526","A3OHYXTHW11HS7","3J9UN9O9J3SWYE73BRFRC6BT0V1J0Q",54,0,0,TRUE,TRUE,1,7,TRUE,4.875,"yes"
"527","A3OZ8KF0HWSVWK","3OPLMF3EU5N5E0NAFIT23XKYCDHLN5",54,0,0,TRUE,TRUE,1,7,TRUE,5.875,"yes"
"528","A3P6CVPYACUX43","3EHIMLB7F7ZIPXHGIVPLT81W5ZKH8C",54,0,0,TRUE,TRUE,1,7,TRUE,5.25,"yes"
"529","A3P7AXWF57BHNX","3PKVGQTFIHKATXM1R4Z96PR4LNLRYX",54,0,0,TRUE,TRUE,1,7,TRUE,4.5,"yes"
"530","A3PLJLUKN3PEA2","391JB9X4ZY8OCCKSIH21BIIJHLDKM7",54,0,0,TRUE,TRUE,1,7,TRUE,4.5,"yes"
"531","A3PRQ2GSU42718","3CO05SML7V5DW2QGJWO0EXXKACVR0Q",54,1,0.0185185185185185,TRUE,TRUE,1,7,TRUE,5.875,"yes"
"532","A3PYD7EU2WFST6","344M16OZKIFR8UDIYW6YQ2UE2ERENH",54,0,0,TRUE,TRUE,1,7,TRUE,4.875,"yes"
"533","A3PYD7EU2WFST6","3VI0PC2ZAYKIWF4BUGW3TGFQ9WWXOI",54,0,0,TRUE,TRUE,1,7,TRUE,3.75,"yes"
"534","A3QHX7BMC3RJYQ","3M47JKRKCX12S8XZMCYHWHC6XNU86X",54,0,0,TRUE,TRUE,1,7,TRUE,1.2,"no"
"535","A3QLGMZOLGMBQ1","3G3AJKPCXLS3SRK3GS3WYWGUT914YR",54,0,0,TRUE,TRUE,1,7,TRUE,4.875,"yes"
"536","A3QRZPJT2CT2IK","38F60IALAGHQCH38NLTVECY2YXST05",54,0,0,TRUE,TRUE,1,7,TRUE,4.625,"yes"
"537","A3QS96739O5M6F","3PKJ68EHDNW79EDZ9ZMCIYAALAEHJW",54,0,0,TRUE,TRUE,1,7,TRUE,4.25,"yes"
"538","A3QSJY1FFN0N6V","33K3E8REWWVFBNHVNZ77WUPQTO2X8I",54,0,0,TRUE,TRUE,1,7,TRUE,4.5,"yes"
"539","A3QXFWX1PVH5MJ","3VGZ74AYTGG614CIF1N8AULEGQSCGE",54,1,0.0185185185185185,TRUE,TRUE,1,7,TRUE,4.125,"yes"
"540","A3R5OJR60C6004","378G7J1SJLYHVOMWQXXLML75VJ2EW1",54,0,0,TRUE,TRUE,1,7,TRUE,5.625,"yes"
"541","A3RCX3IQ8L6HHW","3PCPFX4U40Q4H5Q69ZILCEAJKSIQFS",54,0,0,TRUE,TRUE,1,7,TRUE,5.75,"yes"
"542","A3RDH0U2H6JCBC","366FYU4PTGPQ0OSF1JEIYADA8JMEKC",54,0,0,TRUE,TRUE,1,7,TRUE,5.125,"yes"
"543","A3RHJEMZ4EGY2U","359AP8GAGGKN8B1HMYJE4H8LHN97C6",54,0,0,TRUE,TRUE,1,7,TRUE,4.25,"yes"
"544","A3RI9RLBGPG2B6","3SU800BH86ST0NNW4ODKYEBMTD8UQ1",54,1,0.0185185185185185,TRUE,TRUE,1,7,TRUE,4.125,"yes"
"545","A3RKG5PZN97RD5","3JTPR5MTZSCQ45ZMQILFUG7XVQN5K2",54,0,0,TRUE,TRUE,1,7,TRUE,5.375,"yes"
"546","A3RKG5PZN97RD5","3R15W654VDTQHX02VALJ7RF3HO4QLX",54,0,0,TRUE,TRUE,1,7,TRUE,4.6,"yes"
"547","A3RLCGRXA34GC0","3BPP3MA3TCK1KUAXMJQJDAQPXJRELF",54,0,0,TRUE,TRUE,1,7,TRUE,4.5,"yes"
"548","A3ROADR7T6811","3L55D8AUFAX6NVXI979EHUSIMO7YCS",54,0,0,TRUE,TRUE,1,7,TRUE,3.5,"yes"
"549","A3ROADR7T6811","3UUSLRKAUL3XD37VMUEPONQ32NL7D6",54,0,0,TRUE,TRUE,1,7,TRUE,3.25,"yes"
"550","A3RQN5RZD1N2KP","3K3IX1W4S6ROL28JY6H4Y89IHEUPAT",54,0,0,TRUE,TRUE,1,7,TRUE,5.9,"yes"
"551","A3RVHUY67SVXQV","3BDORL6HKKDXQULWVCHK9YZLIZ3CRA",54,0,0,TRUE,TRUE,1,7,TRUE,5.625,"yes"
"552","A3RVHUY67SVXQV","3HRWUH63QU2RCBKPNVDVM8O1QNI5N2",54,0,0,TRUE,TRUE,1,7,TRUE,5.75,"yes"
"553","A3RYI5HXC2MJLN","3126F2F5F83RBFPVEBJQURZ92TSEPD",54,0,0,TRUE,TRUE,1,7,TRUE,1.75,"yes"
"554","A3S3WYVCVWW8IZ","3EGKVCRQFWSNDQ5CV7DJ6AM0437YBL",54,0,0,TRUE,TRUE,1,7,TRUE,4.375,"yes"
"555","A3U21PUMQ6NGT2","3RBI0I35XE3IAV1ZGEYDOROOGBUY3U",54,0,0,TRUE,TRUE,1,7,TRUE,6,"yes"
"556","A3U2UNSYDPS933","3BA7SXOG1JQVERVJE01F7C32TA88RV",54,1,0.0185185185185185,TRUE,TRUE,1,7,TRUE,5.28571428571429,"yes"
"557","A3UP4PP3ZF1J39","3PA41K45VN4620ALR35KOH7SG6O7PK",54,1,0.0185185185185185,TRUE,TRUE,1,7,TRUE,1.03571428571429,"yes"
"558","A3UV55HC87DO9C","344M16OZKIFR8UDIYW6YQ2UE2ERENH",54,0,0,TRUE,TRUE,1,7,TRUE,4,"yes"
"559","A3UV55HC87DO9C","3V8JSVE8YYQLKTHW5YF97ISL70KYEL",54,0,0,TRUE,TRUE,1,7,TRUE,5.375,"yes"
"560","A3V9JFVZQ2XF4Y","3H781YYV6TIP37I2VSSAZ106SY2TER",54,0,0,TRUE,TRUE,1,7,TRUE,5.125,"yes"
"561","A3VE9WX0XH2N5G","3T6EIBTM9LOHYY2H9NZ78DKNISUAAY",54,1,0.0185185185185185,TRUE,TRUE,1,7,TRUE,3.875,"yes"
"562","A3VENK02U0X16N","3T5ZXGO9DEOAMMH6ABCSF6Q1VUMZQS",54,0,0,TRUE,TRUE,1,7,TRUE,4.875,"yes"
"563","A3W2RRAUPHYRIO","3B9J25CZ25D9R9L9A1HPZ84H41MSCE",54,0,0,TRUE,TRUE,1,7,TRUE,5.625,"yes"
"564","A3W341JMZSKATX","366FYU4PTGPQ0OSF1JEIYADA8JMKEI",54,0,0,TRUE,TRUE,1,7,TRUE,4.25,"yes"
"565","A47HX1N4QM1XQ","30IRMPJWDZJF9SXKNPYIXHCTN8CKRV",54,0,0,TRUE,TRUE,1,7,TRUE,1.25,"yes"
"566","A48WNR6C4CI3J","3OKP4QVBP2XI8PFKVNRH4ZVQGN7AGA",54,0,0,TRUE,TRUE,1,7,TRUE,5.5,"yes"
"567","A4E1UYPDHE8D8","3JMNNNO3B14P08AGXD2KKKYGZPUW2I",54,0,0,TRUE,TRUE,1,7,TRUE,5.25,"yes"
"568","A4IUVFS10MYX1","3HRWUH63QU2RCBKPNVDVM8O1PLSN5P",54,0,0,TRUE,TRUE,1,7,TRUE,4.75,"yes"
"569","A4J4GGMKJ68L0","3AA88CN98P3O6T961KQC5D5QQVRKYX",54,0,0,TRUE,TRUE,1,7,TRUE,3.25,"yes"
"570","A4LCG4MSNJRUF","3QXFBUZ4ZKG2NYTI1S88407KNQZGUS",54,0,0,TRUE,TRUE,1,7,TRUE,5,"yes"
"571","A4R66ZHYXG17N","3SZYX62S5G029QS27OW6QB2BP6N57W",54,2,0.037037037037037,TRUE,TRUE,1,7,TRUE,2.375,"yes"
"572","A4T4577P6JL6R","30F94FBDNRKRW46IL1QKYTULP1PTBR",54,0,0,TRUE,TRUE,1,7,TRUE,4.7,"yes"
"573","A4ZPIPBDO624H","3W0XM68YZPVRGNY3PVJ3RQUGKC81KB",54,0,0,TRUE,TRUE,1,7,TRUE,3.625,"yes"
"574","A5BMKZRGHNSRT","3CKVGCS3PG5PXHQTYLO5472GWEF0SO",54,0,0,TRUE,TRUE,1,7,TRUE,5.5,"yes"
"575","A5NE8TWS8ZV7B","3LEG2HW4UFNNPMOL7OSKGWCG3KFF29",54,0,0,TRUE,TRUE,1,7,TRUE,4.8,"yes"
"576","A64JDJKE9DYCT","372AGES0I45LTSWRM8D7NBKVJHRRXR",54,0,0,TRUE,TRUE,1,7,TRUE,5.8,"yes"
"577","A6HDSE80LQPR8","38DCH97KHH2KM7C2SP96RC2BCXAJQU",54,0,0,TRUE,TRUE,1,7,TRUE,2.625,"yes"
"578","A6INY1UVFY5GB","3IVKZBIBJ0908HWPWTVQAZ1XHTRSHN",54,0,0,TRUE,TRUE,1,7,TRUE,4.875,"yes"
"579","A6KB4VHCZYTY2","31GN6YMHLPSI57RERSHQB2BKXJTSWH",54,2,0.037037037037037,TRUE,TRUE,1,7,TRUE,4.625,"yes"
"580","A6KB4VHCZYTY2","3NRZ1LDP7W6PMAGRAYX3F10RQY0ZP1",54,0,0,TRUE,TRUE,1,7,TRUE,3.625,"yes"
"581","A6R88PQFFSNI9","3KI0JD2ZU1IYSUSGC76BIHGBL1Y76E",54,0,0,TRUE,TRUE,1,7,TRUE,2,"yes"
"582","A748N8WFG2HR4","382GHPVPHSR2CONFR7A682KHLAW34F",54,2,0.037037037037037,TRUE,TRUE,1,7,TRUE,4.4,"yes"
"583","A7ERZELTAMWL5","3R6RZGK0XFC2M43I0O4J7MG77VNVYO",54,1,0.0185185185185185,TRUE,TRUE,1,7,TRUE,3.75,"yes"
"584","A7I3G380E29VE","3NRZ1LDP7W6PMAGRAYX3F10RQZ1PZU",54,0,0,TRUE,TRUE,1,7,TRUE,4.875,"yes"
"585","A7O82NXM2PI12","3INZSNUD80Q1RMVO1RC92JH9XD9D9O",54,0,0,TRUE,TRUE,1,7,TRUE,6,"yes"
"586","A7OZPNXIVO1FX","3CMV9YRYP319VAWP0K1AAQ3H2RNJL5",54,0,0,TRUE,TRUE,1,7,TRUE,3.875,"yes"
"587","A8028AFBBS29G","3087LXLJ6MGGTCL7S1O6X8J17OL0F5",54,0,0,TRUE,TRUE,1,7,TRUE,3.25,"yes"
"588","A8C3WNWRBWUXO","38Z7YZ2SB32ORWSWA7O6FBNB0KAQIJ",54,0,0,TRUE,TRUE,1,7,TRUE,5,"yes"
"589","A8GD33ZJ1SAA5","3BO3NEOQM0HW4GLFLBRKPB86V0ZAI2",54,0,0,TRUE,TRUE,1,7,TRUE,5,"yes"
"590","A90G0G4SJ26BM","3UV0D2KX1MJXS038B2B89B9ENYBF45",54,3,0.0555555555555556,TRUE,TRUE,1,7,TRUE,3.4,"yes"
"591","A98E8M4QLI9RS","356TQKY9XFXLW8B45M392VC2RWO780",54,1,0.0185185185185185,TRUE,TRUE,1,7,TRUE,5.875,"yes"
"592","A98S1WLZ7NJL0","3QD8LUVX4XYWO5YTP104KAFZRY1X5G",54,1,0.0185185185185185,TRUE,TRUE,1,7,TRUE,3,"yes"
"593","A9ZCY6FLUCIU1","34O39PNDK68EGPTQHCLPYET31GSRBC",54,1,0.0185185185185185,TRUE,TRUE,1,7,TRUE,4.5,"yes"
"594","AAASQIW3J32OL","3OQQD2WO8I6WKVMUCWCA23U0PQ7I3E",54,0,0,TRUE,TRUE,1,7,TRUE,6,"yes"
"595","AAQREZOK13OV7","38XPGNCKHT0MOXPYBHGCRXC0BSZ4VI",54,0,0,TRUE,TRUE,1,7,TRUE,5.5,"yes"
"596","AB09F0Q4T10TE","3S1WOPCJFGTVP4MXJYE6XVDXTUMEJD",54,0,0,TRUE,TRUE,1,7,TRUE,4.5,"yes"
"597","ABO9F0JD9NN54","34R0BODSP1ZNI57CUWACWLUSCVH5ED",54,1,0.0185185185185185,TRUE,TRUE,1,7,TRUE,4.3,"yes"
"598","ABW8U1U74P8MI","3T8DUCXY0N688BRLNHCO7NZV0ZX9T3",54,3,0.0555555555555556,TRUE,TRUE,1,7,TRUE,3.625,"yes"
"599","AC7QPNOH2LELF","3V7ICJJAZAG7FJRS60PCQLIT80JB4J",54,1,0.0185185185185185,TRUE,TRUE,1,7,TRUE,5.23214285714286,"yes"
"600","ACGGIBC0P38HU","3DQYSJDTYLBWKORM02T7O4LC4S1EX1",54,0,0,TRUE,TRUE,1,7,TRUE,5.25,"yes"
"601","ACGHHDT7RY1AH","3YLTXLH3DF63VPGX4CRWFUWMU9KPH4",54,0,0,TRUE,TRUE,1,7,TRUE,4.75,"yes"
"602","ACJ6NSCIWMUZI","3EFNPKWBMSOLD05E86N4WZU44YG30Z",54,0,0,TRUE,TRUE,1,7,TRUE,5.2,"yes"
"603","ACON9O9NMFOHE","3LCXHSGDLT6OO75N6SNKPW4KPDZSE7",54,0,0,TRUE,TRUE,1,7,TRUE,2.375,"yes"
"604","ACRTRQ23XH20E","3B286OTISEHSZR5L3TCK1CN68FOAJE",54,1,0.0185185185185185,TRUE,TRUE,1,7,TRUE,3.7,"yes"
"605","ACRTRQ23XH20E","3X2YVV51PU4IBNSKE926F1OB7JGW11",54,0,0,TRUE,TRUE,1,7,TRUE,3.125,"yes"
"606","ACSS93E03ZUGX","302OLP89DZ75RDZFT1VYE8ABIVFAC0",54,0,0,TRUE,TRUE,1,7,TRUE,6,"yes"
"607","AD75IYA9OIIQF","3HRWUH63QU2RCBKPNVDVM8O1PLSN5P",54,0,0,TRUE,TRUE,1,7,TRUE,4,"yes"
"608","ADJ9I7ZBFYFH7","3VEI3XUCZRXGKJU00H3QTYYSHIIPR1",54,0,0,TRUE,TRUE,1,7,TRUE,5.8,"yes"
"609","ADVJB810K4OYR","3W0XM68YZPVRGNY3PVJ3RQUGJAIK1Z",54,0,0,TRUE,TRUE,1,7,TRUE,4.75,"yes"
"610","AE015UO038LEC","31ANT7FQN82Z2FYEKXIIHOR539J5HY",54,0,0,TRUE,TRUE,1,7,TRUE,5.3,"yes"
"611","AEBY6S5MX5O8R","3N3WJQXELSQ9PEYHTZVIB9H00G12L1",54,0,0,TRUE,TRUE,1,7,TRUE,3,"yes"
"612","AEF74ZYJTTEIA","3D3B8GE892RAGJYE60342DYYBWCP9E",54,0,0,TRUE,TRUE,1,7,TRUE,4.875,"yes"
"613","AEWGY34WUIA32","3J5XXLQDHMB1616UB3BTHSKUYUSV3I",54,0,0,TRUE,TRUE,1,7,TRUE,5.5,"yes"
"614","AF3DRX40CNHZR","36AZSFEYZ4069WA7QWQZZBI6MM5VB9",54,0,0,TRUE,TRUE,1,7,TRUE,5.875,"yes"
"615","AF6WFN2THVM4A","3MYASTQBG7B7JLCAITNVOE7Y7DDDQA",54,0,0,TRUE,TRUE,1,7,TRUE,5,"yes"
"616","AFDC9A6Z60W2Z","3EKZL9T8Y8MK107TZ75QVUXFVQ5CHD",54,1,0.0185185185185185,TRUE,TRUE,1,7,TRUE,4.5,"yes"
"617","AFERIASET17LW","31ANT7FQN82Z2FYEKXIIHOR54B95HT",54,0,0,TRUE,TRUE,1,7,TRUE,4.7,"yes"
"618","AFIK3VBMMX6G6","3BJKPTD2QCCECBN7HYCAY8ZP6L3RT8",54,0,0,TRUE,TRUE,1,7,TRUE,5.5,"yes"
"619","AFK9ALQK5GPNG","3KVQ0UJWPXLHZ5T3FW4IIR1SJZLW5J",54,0,0,TRUE,TRUE,1,7,TRUE,3.375,"yes"
"620","AFKB7F09OVKV7","3RWSQDNYL9M7QG0XVJ7R0F65COKFFT",54,0,0,TRUE,TRUE,1,7,TRUE,5.75,"yes"
"621","AFM65NU0UXIGP","3H4IKZHALBIV20QVRV9HGPONH8HNN9",54,0,0,TRUE,TRUE,1,7,TRUE,5.625,"yes"
"622","AFN5VMMGYPF1I","3SX4X51T809602WIJ64P984S79YAOX",54,0,0,TRUE,TRUE,1,7,TRUE,5.625,"yes"
"623","AFRJKS3Z3H4CA","3UDTAB6HH6Z7S2UUPFOENCXQ4QQ90M",54,0,0,TRUE,TRUE,1,7,TRUE,5.625,"yes"
"624","AFU00NU09CFXE","3T8DUCXY0N688BRLNHCO7NZV11MT9H",54,1,0.0185185185185185,TRUE,TRUE,1,7,TRUE,5.1,"yes"
"625","AGILQEFEPEK7N","3BFF0DJK8XCQDQNKWNCFOI4LTPBTSS",54,0,0,TRUE,TRUE,1,7,TRUE,3.625,"yes"
"626","AH4CXTYVNHRJK","3UEDKCTP9VQ5R9D5EB0CS0LTMWIK7W",54,0,0,TRUE,TRUE,1,7,TRUE,4.25,"yes"
"627","AHPOOKYE7V04D","3FTID4TN8LYZQZROMK2DKDI5GXLYL8",54,0,0,TRUE,TRUE,1,7,TRUE,5,"yes"
"628","AHYTT3T8W9Y9Y","37G6BXQPLQLCBRQAEOYFUWPJ8R3QEA",54,0,0,TRUE,TRUE,1,7,TRUE,4.875,"yes"
"629","AHYTT3T8W9Y9Y","3E22YV8GG16V5L287AM9KETIGLTPND",54,0,0,TRUE,TRUE,1,7,TRUE,4.875,"yes"
"630","AI70FJC1B8SC6","3T2EL38U0MKLHRHR9TO7ILAQOXEXQQ",54,0,0,TRUE,TRUE,1,7,TRUE,5.8,"yes"
"631","AIICJA0A5J8NF","3J6BHNX0U9SUUU5SUIH1OX7JMBNKN7",54,0,0,TRUE,TRUE,1,7,TRUE,5.6,"yes"
"632","AIQ1I6ODSIO56","3W5PY7V3UP7TV93OJZQ04Y5DB6RJYX",54,0,0,TRUE,TRUE,1,7,TRUE,6,"yes"
"633","AJ4T7PTRYNSUW","3H5TOKO3D9J197AXA984F5W1V1Y64O",54,0,0,TRUE,TRUE,1,7,TRUE,5,"yes"
"634","AJ7JFYKBG85ZV","3WRKFXQBOB7X0YJI1H50SXQDZTRYIU",54,0,0,TRUE,TRUE,1,7,TRUE,2.375,"yes"
"635","AJM4334V07JDQ","311HQEI8RSG0G4CREC3MFF96Q5V7Z5",54,1,0.0185185185185185,TRUE,TRUE,1,7,TRUE,4.8,"yes"
"636","AJRY9ALX8069Y","3XD2A6FGFNU7TBE6YH7YXI39YGJS9X",54,0,0,TRUE,TRUE,1,7,TRUE,6,"yes"
"637","AJXIC6Q5EM76P","341YLJU21IZ7ZDQB8WY5JTP8JC7I23",54,0,0,TRUE,TRUE,1,7,TRUE,4.25,"yes"
"638","AJXIC6Q5EM76P","3RDTX9JRTY1LADUEAE9N2R7DC4W97M",54,0,0,TRUE,TRUE,1,7,TRUE,4.25,"yes"
"639","AJZEXCH1TSUE1","3P7RGTLO6EDNABB3LECW2RNJN4OKAN",54,0,0,TRUE,TRUE,1,7,TRUE,5.7,"yes"
"640","AK3H5QRAROFGP","3KA7IJSNW65T4CDB4KH0TJTOZWFPBO",54,0,0,TRUE,TRUE,1,7,TRUE,6,"yes"
"641","AKFFOAIBV3FJ6","3LAZVA75NIRHVZ1E6RBA3QLUWNVO2Y",54,0,0,TRUE,TRUE,1,7,TRUE,4.8,"yes"
"642","AKHH4W14A6AN9","36FFXPMST9OLAP4WPCEHQURWK4OHOF",54,1,0.0185185185185185,TRUE,TRUE,1,7,TRUE,5.3,"yes"
"643","AKJ22H1NTVIQX","3L2OEKSTW9A4BS75SVT9F8WZWXN8YX",54,2,0.037037037037037,TRUE,TRUE,1,7,TRUE,6,"yes"
"644","AKLV0WIZZ356X","3XDSWAMB22SXET6WIXSK48PGMD1CQ9",54,0,0,TRUE,TRUE,1,7,TRUE,5.125,"yes"
"645","AKSJ3C5O3V9RB","3NCN4N1H1GHT1R1YO548PUOTZHENBQ",54,0,0,TRUE,TRUE,1,7,TRUE,4.625,"yes"
"646","AKZQ6L29QQ0R3","3TY2U1TEB7A30K8PXZPXUBQPY2IJJ3",54,0,0,TRUE,TRUE,1,7,TRUE,2,"yes"
"647","ALEE1QD4TW9G4","36D1BWBEHN1TVWG2TBWXBMWP0LR2M3",54,0,0,TRUE,TRUE,1,7,TRUE,4.125,"yes"
"648","ALHBRVB7YJ7I0","3X2LT8FDHWI0MNC5DUBLUBBJLPN8WY",54,0,0,TRUE,TRUE,1,7,TRUE,1.5,"yes"
"649","ALSMH6OVJJZ12","3XWUWJ18TLQLSGUDLXXP8F8BWYEUU6",54,0,0,TRUE,TRUE,1,7,TRUE,2.875,"yes"
"650","AM2WGEJDWJY1I","3Y3CZJSZ9KTCR9CHG2UCVSTBRK6R5B",54,0,0,TRUE,TRUE,1,7,TRUE,5.5,"yes"
"651","AM4F6TEUBUF9M","3UUSLRKAUL3XD37VMUEPONQ32NLD7C",54,0,0,TRUE,TRUE,1,7,TRUE,5.6,"yes"
"652","AMA18W8F60Y2J","39KV3A5D1873FSQDJK9EJMC33QV7S0",54,0,0,TRUE,TRUE,1,7,TRUE,4.6,"yes"
"653","AMIQGW2E3WYO4","308KJXFUJR6MDU1QFNQO3IAF6HFATJ",54,0,0,TRUE,TRUE,1,7,TRUE,5.1,"yes"
"654","AMIQGW2E3WYO4","3AA88CN98P3O6T961KQC5D5QRXGYK5",54,0,0,TRUE,TRUE,1,7,TRUE,2.875,"yes"
"655","AMV1E7FFPVAW4","3XU9MCX6VOCKSCTUYJSEXLQZ68Q2RR",54,1,0.0185185185185185,TRUE,TRUE,1,7,TRUE,3,"yes"
"656","AMYURTQIMAC8T","3HEADTGN2PSTP3RWMTCPZQNA488VRM",54,5,0.0925925925925926,TRUE,TRUE,1,7,TRUE,3.05357142857143,"yes"
"657","AN9MVFWRCF2OP","304QEQWKZPKAZPY0R47WK2SFZPBO0E",54,0,0,TRUE,TRUE,1,7,TRUE,5.2,"yes"
"658","AN9MVFWRCF2OP","3WRAAIUSBJZTUBAAKXRLSLVLJD3AX2",54,0,0,TRUE,TRUE,1,7,TRUE,5.1,"yes"
"659","ANK8K5WTHJ61C","31S7M7DAGGQ39DSUCEFECWQQ1V3LT6",54,0,0,TRUE,TRUE,1,7,TRUE,5.75,"yes"
"660","ANR1DGRZ314I5","3NSCTNUR2ZNKSSQ0ER8Q0241QETA5S",54,0,0,TRUE,TRUE,1,7,TRUE,5.125,"yes"
"661","AO32GL5867YY7","3HEADTGN2PSTP3RWMTCPZQNA36JRVO",54,0,0,TRUE,TRUE,1,7,TRUE,5.8,"yes"
"662","AOAMTLMPOJ7P7","3ZICQFRS31IJ0EIXX7V56Z250X7ZZM",54,0,0,TRUE,TRUE,1,7,TRUE,3.5,"yes"
"663","AOIR8V07FYMH5","3WUVMVA7OB3IZ6APLFF6P6BWRD1AZZ",54,0,0,TRUE,TRUE,1,7,TRUE,5.125,"yes"
"664","AOOLS8280CL0Z","3IKMEYR0LWVY58GZ8ZJHW94LBGW2KY",54,0,0,TRUE,TRUE,1,7,TRUE,6,"yes"
"665","AOS2PVHT2HYTL","3ZG552ORAM4CLJAB73XOYIF2SGT2VF",54,0,0,TRUE,TRUE,1,7,TRUE,5.7,"yes"
"666","AOWW3URQNRJ6U","329E6HTMSW2NQQCICZXMFJ9DHUWK3R",54,0,0,TRUE,TRUE,1,7,TRUE,4.75,"yes"
"667","APGX2WZ59OWDN","3LXX8KJXPW9SVJMDR0QPDDT82T5O9Q",54,0,0,TRUE,TRUE,1,7,TRUE,5,"yes"
"668","APLBF6JY2C1QZ","356TQKY9XFXLW8B45M392VC2SYE87W",54,1,0.0185185185185185,TRUE,TRUE,1,7,TRUE,5.9,"yes"
"669","APU8QVDVUZB3Y","3IZPORCT1F9O72WCH4VLKPW1VR8HRO",54,0,0,TRUE,TRUE,1,7,TRUE,3.875,"yes"
"670","AQ2SB9NTVK8NZ","3MQY1YVHS3KXC5C52M6OX6LVOMNB2N",54,0,0,TRUE,TRUE,1,7,TRUE,3.625,"yes"
"671","AQ5KGRJE4W53Z","3OWZNK3RYLPC84LB2DNJ2WDJE9JU2H",54,0,0,TRUE,TRUE,1,7,TRUE,1,"yes"
"672","AQAXDL1INQC9Q","3ZC62PVYDHA5QOI3V7JZCT6JL01XXN",54,0,0,TRUE,TRUE,1,7,TRUE,4.5,"yes"
"673","AQL24433IP0QQ","335HHSX8CD5U6SD7Z301F0FXGQHDHE",54,0,0,TRUE,TRUE,1,7,TRUE,3.6,"yes"
"674","AQMLJYUQCSG22","30IRMPJWDZJF9SXKNPYIXHCTN8CKRV",54,0,0,TRUE,TRUE,1,7,TRUE,5.125,"yes"
"675","AQMLJYUQCSG22","39TX062QX1OTAQBPBICB5DHFD2AX3Q",54,0,0,TRUE,TRUE,1,7,TRUE,4.375,"yes"
"676","AQWH9UY6FVU21","3IWA71V4TIGS79Y7UKA9CGTZNTCX6W",54,0,0,TRUE,TRUE,1,7,TRUE,3.75,"yes"
"677","AR8O1107OAW4V","3BA7SXOG1JQVERVJE01F7C32TA7R8D",54,0,0,TRUE,TRUE,1,7,TRUE,5.25,"yes"
"678","ARI1EMAHUA9PO","35A1YQPVFEGZYA9YQF03H0SK3MYI54",54,1,0.0185185185185185,TRUE,TRUE,1,7,TRUE,6,"yes"
"679","ARLGZWN6W91WD","37NXA7GVST6IM5WJH9FTDEEBYGJVLW",54,0,0,TRUE,TRUE,1,7,TRUE,4.7,"yes"
"680","ARTARDCXLJ5H6","3D7VY91L65XNJ9GYC4P8CFZTUR4MBP",54,0,0,TRUE,TRUE,1,7,TRUE,3.625,"yes"
"681","ARWF605I7RWM7","3GKAWYFRAPTMJ9BVIG86O9HO2HRPDV",54,0,0,TRUE,TRUE,1,7,TRUE,6,"yes"
"682","ASJC3FUNX995V","3HFWPF5AK9JLE9PQH86O650NYO9S3G",54,0,0,TRUE,TRUE,1,7,TRUE,5,"yes"
"683","ASTDBTVY3WP1K","3Z33IC0JC0MNL3VASCC385NGYM2V9Z",54,0,0,TRUE,TRUE,1,7,TRUE,5.5,"yes"
"684","ATJ92FYQX176Z","3QX22DUVOOH2SNE4HLG8DRT0YL9VMY",54,0,0,TRUE,TRUE,1,7,TRUE,2.9,"yes"
"685","ATP2BJPDK4K2B","3DGDV62G7O9ZGZDFLROPSQQK5Q2P2M",54,0,0,TRUE,TRUE,1,7,TRUE,2.5,"yes"
"686","ATUY1BTU5BQDE","3511RHPADVEQTYF28PAJCHP8DA6LRT",54,0,0,TRUE,TRUE,1,7,TRUE,5.625,"yes"
"687","AU2RMH9IZP60M","3UAU495MIISQFBAGPBLG99GME5WUOL",54,0,0,TRUE,TRUE,1,7,TRUE,4.25,"yes"
"688","AU34T9OMHN4Z4","3UAU495MIISQFBAGPBLG99GMECQUOT",54,0,0,TRUE,TRUE,1,7,TRUE,3.875,"yes"
"689","AU849EHZNGV2Z","3O2Y2UIUCQUI62SBWUYOGSYAKK1KF0",54,0,0,TRUE,TRUE,1,7,TRUE,4.625,"yes"
"690","AUAN582MLI96N","3BAWBGQGYLZJ7K7HDFEJU9WA3WEV7N",54,0,0,TRUE,TRUE,1,7,TRUE,4.875,"yes"
"691","AUFOO8PU2BK37","3CESM1J3EI3DI9THKFENAXFSFUWW6Z",54,0,0,TRUE,TRUE,1,7,TRUE,4.125,"yes"
"692","AUFUUD4WG9CVO","3EHVO81VN5L0EXXVJAG6EYEOSV41H7",54,0,0,TRUE,TRUE,1,7,TRUE,5.125,"yes"
"693","AUQ79MANVDU9B","3R5OYNIC2C9T0Y7S468LTDZA654TPC",54,0,0,TRUE,TRUE,1,7,TRUE,5.125,"yes"
"694","AUQ79MANVDU9B","3W9XHF7WGKVSP7ACRE3DXWDBBT9KT8",54,0,0,TRUE,TRUE,1,7,TRUE,5.375,"yes"
"695","AURYD2FH3FUOQ","3KQC8JMJGCSWO0BA6EUP2RTLQFI3H1",54,0,0,TRUE,TRUE,1,7,TRUE,3.75,"yes"
"696","AUZXHSWDT1PYQ","31JUPBOORN4KBT069G4JL0U3NIJ8L5",54,0,0,TRUE,TRUE,1,7,TRUE,4.625,"yes"
"697","AVD6HMIO1HLFI","3MD8CKRQZZNKY8R254Y6W2CG8JCJRV",54,0,0,TRUE,TRUE,1,7,TRUE,5.875,"yes"
"698","AVEJOYXMU4K25","3MIVREZQVHYFXRIKAA9ISR2ORMAKQU",54,0,0,TRUE,TRUE,1,7,TRUE,2.5,"yes"
"699","AVXEDARJC5HLU","30EMX9PEVKJRA7XX2EYNNRHP9AVKSJ",54,0,0,TRUE,TRUE,1,7,TRUE,4.125,"yes"
"700","AW0MG225VXWCN","36U4VBVNQODTCO2WH32K34LRPZARUZ",54,0,0,TRUE,TRUE,1,7,TRUE,4.5,"yes"
"701","AW1QY7Q83DYCJ","3QQUBC64ZEE0EU4ZT1WQERFLJMRXN3",54,0,0,TRUE,TRUE,1,7,TRUE,4.125,"yes"
"702","AWE9A4ZOP9LNU","3RSBJ6YZECQ1WTDQUMQHN9FJ4PBFOF",54,0,0,TRUE,TRUE,1,7,TRUE,4.875,"yes"
"703","AWKJJC3QFU9VW","3QI9WAYOGQBKBSC80A4MD8C78FBS6M",54,0,0,TRUE,TRUE,1,7,TRUE,2.5,"yes"
"704","AWKUOA7M4P8YI","3NOEP8XAU420HFGC9G9IIGKGJ1SXPZ",54,0,0,TRUE,TRUE,1,7,TRUE,4,"yes"
"705","AXKTYKCT9NGHS","3W31J70BASWB3Q815S8N8MD7N79KCP",54,0,0,TRUE,TRUE,1,7,TRUE,5.3,"yes"
"706","AXLHYKARXUTKD","3O4VWC1GEW6SF660UEXAE49037M3J6",54,0,0,TRUE,TRUE,1,7,TRUE,2.875,"yes"
"707","AXMPSUNKUBEIL","3OJX0UFJ0Z7N8O6ANM2YCJLXJD49UU",54,0,0,TRUE,TRUE,1,7,TRUE,4.25,"yes"
"708","AXPZAP62ZYWP8","3IZVJEBJ6AKHC4YMV2YU919AVUB6Z5",54,0,0,TRUE,TRUE,1,7,TRUE,4,"yes"
"709","AXQQBHFXMWR26","39WSF6KUV2L9QFDUZB6B5RUJSOWEOW",54,0,0,TRUE,TRUE,1,7,TRUE,2,"yes"
"710","AXRQT9X4XRXSS","3CVBMEMMXBGEPJCX8QXFF851UFEH7P",54,0,0,TRUE,TRUE,1,7,TRUE,4.5,"yes"
"711","AXY0D2AMLKE2A","3E22YV8GG16V5L287AM9KETIHNINP5",54,0,0,TRUE,TRUE,1,7,TRUE,6,"yes"
"712","AY7WPVKHVNBLG","3RZS0FBRWKACEH5HIKDV43Z6HHFPCV",54,0,0,TRUE,TRUE,1,7,TRUE,4.9,"yes"
"713","AY9UWGHEE2P04","3MJ28H2Y1E89UWK1OAD81XO6GXN5OH",54,0,0,TRUE,TRUE,1,7,TRUE,3.375,"yes"
"714","AYDILOZLKOAS8","3ABAOCJ4R84ANFINVMMY74USGR5MQ1",54,0,0,TRUE,TRUE,1,7,TRUE,5,"yes"
"715","AYJGQBBK6KXZ7","3Q7TKIAPOTAWSOWXQOFZ7S84X7QDLL",54,0,0,TRUE,TRUE,1,7,TRUE,4.125,"yes"
"716","AYO9K8VF5A11I","3ZXV7Q5FJBO0N4GN4HHQS9L2FBSCFF",54,0,0,TRUE,TRUE,1,7,TRUE,5.25,"yes"
"717","AZ5USSNKZI3Y1","37Y5RYYI0P5XU7W41XDCDLPR6LZSXA",54,1,0.0185185185185185,TRUE,TRUE,1,7,TRUE,5.375,"yes"
"718","AZ5USSNKZI3Y1","3OYHVNTV5TYCCF54VXHE3M7OCLSKOM",54,0,0,TRUE,TRUE,1,7,TRUE,4.8,"yes"
"719","AZ5ZYUCAQ0XDL","30ZKOOGW2W6L4APHD46EXCRKEYOA1A",54,0,0,TRUE,TRUE,1,7,TRUE,4.875,"yes"
"720","AZNIEFUIVB2H0","3FVBZG9CLJE078CDNRC60TVEN3Y0H3",54,0,0,TRUE,TRUE,1,7,TRUE,6,"yes"
"721","AZZA3J049G7R5","33P2GD6NRNS2KYJHRKMOJDAN0ZEKHY",54,0,0,TRUE,TRUE,1,7,TRUE,6,"yes"
"722","AZZA3J049G7R5","3D17ECOUOEVLKPQW4PR4A4DE9QM312",54,0,0,TRUE,TRUE,1,7,TRUE,4.5,"yes"
