WorkerId,na.pct,n,implausible,plausible,<NA>,Answer.English,Answer.country,Answer.profcheck1,Answer.profcheck2,WorkTimeInSeconds,Answer.answer,filler.left,filler.right
A100Y89FZO4J0B,0,54,2.7777777777777777,6.617647058823529,4,yes,USA,Yes,Yes,1096,{},7,1
A10HW8JXM17XLD,0.018518518518518517,54,1.8333333333333333,6.090909090909091,4,yes,USA,Yes,Yes,1755,Very interesting study. Thanks for the opportunity!,7,1
A110KENBXU7SUJ,0,54,3.5,5.916666666666667,4,yes,USA,Yes,Yes,1328,"""Sentence: The toddler disciplined the mother.""  Unlikely but not impossible.",7,1
A11FFJZ0C984W4,0,54,3.0625,6.333333333333333,4,yes,USA,Yes,Yes,2841,{},7,1
A11S8IAAVDXCUS,0,54,2,5.9411764705882355,4,yes,USA,Yes,Yes,2254,{},7,1
A11W7R2O4RQSSS,0,54,3.25,5.888888888888889,4,yes,USA,Yes,Yes,915,{},7,1
A11YS0T8MV3Q7C,0.018518518518518517,54,2.7058823529411766,6.147058823529412,4,yes,USA,Yes,Yes,579,Great HIT!,7,1
A122LRCSBAD6DC,0,54,2.388888888888889,5.5588235294117645,4,yes,USA,Yes,Yes,976,{},7,1
A12FCLCVIM2CL3,0,54,2.625,6.111111111111111,4,yes,USA,Yes,Yes,1266,{},7,1
A12FTSX85NQ8N9,0,54,3.125,6.611111111111111,4,yes,USA,Yes,Yes,1196,"I don't have any comments really, I don't think! :)",6,1
A12TSLY8GXWHB4,0,54,1.3333333333333333,4.9411764705882355,4,yes,USA,Yes,Yes,394,Thank you!,7,1
A133QG754CGS3I,0.018518518518518517,54,4.1875,5.371428571428571,4,yes,USA,Yes,Yes,917,{},6,1
A13ASIJ31D76UN,0,108,3.53125,3.3055555555555554,4.25,yes,USA,Yes,Yes,1109,good,7,1
A13ASIJ31D76UN,0,108,3.53125,3.3055555555555554,4.25,yes,USA,Yes,Yes,167,good,7,1
A13FUEPWBCLBUY,0,54,3,6.583333333333333,4,yes,USA,Yes,Yes,1808,Very interesting and fun HIT!!!,7,1
A13GUTDMGGZZDL,0,54,2.2777777777777777,5.823529411764706,4.5,yes,USA,Yes,Yes,520,{},7,1
A13WTEQ06V3B6D,0,54,2.5,6.294117647058823,4,yes,USA,Yes,Yes,2079,I have no additional comments.,7,1
A13YTGRLTS80MU,0,54,4.722222222222222,4.911764705882353,4,yes,USA,Yes,Yes,1611,Thank you.,7,1
A147F5PJTHOB8A,0,54,2.8125,6.111111111111111,4,yes,USA,Yes,Yes,2560,{},7,1
A147VU5FL0JL70,0,54,5.944444444444445,6,4,yes,USA,Yes,Yes,857,nice,7,1
A149ROBL26JWPJ,0,54,2.6875,5.694444444444445,4,yes,USA,Yes,Yes,1748,{},7,1
A14QFRGIYIMNHN,0,54,6.875,6.805555555555555,4,yes,USA,Yes,Yes,922,good,7,1
A14SEFVPXYZ9TN,0,54,1.375,5.611111111111111,4,yes,USA,Yes,Yes,265,{},7,1
A15A618QS7DD79,0,108,6.823529411764706,6.8,4.25,yes,USA,Yes,Yes,195,good,7,1
A15A618QS7DD79,0,108,6.823529411764706,6.8,4.25,yes,USA,Yes,Yes,78,good,7,1
A15VCG7KA6V73R,0,54,6,6.111111111111111,4,yes,USA,Yes,Yes,1080,thanks given this survey.,4,1
A15XX0WDRG29E7,0,54,3.2222222222222223,6.794117647058823,4,yes,USA,Yes,Yes,1263,{},7,1
A16539W8GX3NLN,0.018518518518518517,54,6.133333333333334,6.055555555555555,4,yes,USA,Yes,Yes,1480,{},7,1
A16TN5X2SAPVCA,0,54,5.5625,5.5,4,yes,USA,Yes,Yes,934,very well,7,1
A179LPB3NPSEF8,0,108,3.3529411764705883,3.557142857142857,4,yes,USA,Yes,Yes,590,good,7,1
A179LPB3NPSEF8,0,108,3.3529411764705883,3.557142857142857,4,yes,USA,Yes,Yes,736,good,7,1
A17NFI9O9H25MZ,0,54,2.3125,6.138888888888889,4,yes,USA,Yes,Yes,390,{},7,1
A17ZTBC2843EBM,0.018518518518518517,54,2.2222222222222223,6.666666666666667,4,yes,USA,Yes,Yes,1394,no comments,7,1
A183WYXN12P2TJ,0,54,2.5,6.411764705882353,4,yes,USA,Yes,Yes,3178,{},4,1
A18E16UFE351U6,0,54,1.9375,6.138888888888889,4,yes,USA,Yes,Yes,1668,{},7,1
A18LAR2IV3FHF9,0.018518518518518517,54,2.888888888888889,5.575757575757576,4,yes,USA,Yes,Yes,968,Fascinating!,7,1
A18SXC3JEN1O0U,0,54,3.2222222222222223,6.882352941176471,4,yes,USA,Yes,Yes,597,{},7,1
A19UBZFVUWL1ES,0.037037037037037035,54,3.125,6.676470588235294,4,yes,USA,Yes,Yes,319,{},7,1
A19WXS1CLVLEEX,0,54,2.9444444444444446,6.205882352941177,4,yes,USA,Yes,Yes,550,{},6,1
A19ZWBQT8A3LIR,0,54,2.5,6.705882352941177,4,yes,USA,Yes,Yes,656,{},7,1
A1A7HKFWGH77QH,0,54,3.25,7,4,yes,USA,Yes,Yes,636,{},7,1
A1AL6YXN76OLGW,0,54,6.611111111111111,6,4,yes,USA,Yes,Yes,1153,really enjoyed and very useful survey,7,1
A1AZLJ3R5FQ9B7,0,54,2.6666666666666665,6.647058823529412,4,yes,USA,Yes,Yes,294,{},7,1
A1BIJGB7XA0GME,0,54,1.875,6.194444444444445,4,yes,USA,Yes,Yes,1737,none,7,1
A1BNR1ZAF1QGWG,0,54,2.7777777777777777,4.735294117647059,4,yes,USA,Yes,Yes,846,{},7,1
A1BUNT3VJFLXD0,0,54,2.3125,6.305555555555555,4,yes,USA,Yes,Yes,1282,{},7,1
A1C5T9VNTCXU44,0,54,3.1666666666666665,6.852941176470588,4,yes,UK,Yes,Yes,2149,{},7,1
A1DCG37N0Y8BN0,0,54,3.4375,6.416666666666667,4,yes,USA,Yes,Yes,3001,{},7,1
A1DD23J1WBGQUU,0.018518518518518517,54,2.888888888888889,6.121212121212121,4,yes,USA,Yes,Yes,2394,{},6,1
A1DKVUTOBPQH11,0,54,2.7777777777777777,6.735294117647059,4,yes,USA,Yes,Yes,966,N/A -- Thank You!,7,1
A1DMXEJGJY02E1,0,54,3.3125,6.888888888888889,4,yes,USA,Yes,Yes,506,{},7,1
A1DZMZTXWOM9MR,0,54,1.2777777777777777,5.911764705882353,4,yes,USA,Yes,Yes,3277,n/a,7,1
A1EZVLVKE9AZNM,0,54,5.25,5.166666666666667,4,yes,USA,Yes,Yes,2831,It was good to complete this study,7,1
A1F9KLZGHE9DTA,0,54,1.5625,6.055555555555555,4,yes,USA,Yes,Yes,2019,There were a few of these that were quite tricky but please know that I did the best I could and went with my gut as instructed.  Thanks for the HIT!,7,1
A1FKRZKU1H9YFC,0,54,3.3333333333333335,5.9411764705882355,4,yes,USA,Yes,Yes,862,N/A,7,1
A1FVXS8IM5QYO8,0,54,1.9444444444444444,6.5,4,yes,UK,Yes,Yes,2242,Really interesting survey,7,1
A1H198MRIM37T1,0,54,2.125,5.75,4,yes,USA,Yes,Yes,1054,None,7,1
A1H6DME332958N,0,54,4.25,3.888888888888889,4,yes,USA,Yes,Yes,841,very nice survey,7,1
A1HVSOJC13XEK1,0,54,4,4.294117647058823,4,yes,USA,Yes,Yes,673,i would like to work on this study,7,NA
A1I5YNJ60UATA4,0,54,2.125,3.3333333333333335,4,yes,USA,Yes,Yes,2511,good,7,2
A1I72NHC21347A,0.018518518518518517,54,3.1666666666666665,4.9393939393939394,4,yes,USA,Yes,Yes,381,{},7,1
A1IC1DQ0QQBOOZ,0,108,6.029411764705882,6.171428571428572,5.25,yes,USA,Yes,Yes,3059,good,7,NA
A1IC1DQ0QQBOOZ,0,108,6.029411764705882,6.171428571428572,5.25,yes,USA,Yes,Yes,3115,good,7,2
A1IKK576F8WY0N,0,54,2.2222222222222223,6.470588235294118,4,yes,USA,Yes,Yes,586,Thank you!,7,2
A1IL2HYSSL4ZMV,0.05555555555555555,54,2.2777777777777777,6.516129032258065,4,yes,USA,Yes,Yes,1003,{},7,1
A1JJYY622DGE5L,0.018518518518518517,54,1.625,4.485714285714286,4,yes,USA,Yes,Yes,1510,{},7,2
A1K42W7BKJDVB,0,54,4.6875,6.666666666666667,4,,USA,Yes,Yes,2178,none,7,1
A1K8QNLYYYX21W,0,54,1.6111111111111112,5.529411764705882,4,yes,USA,Yes,Yes,2543,{},7,1
A1K8VUKRL53OX,0,54,3.9375,5.555555555555555,4,yes,USA,Yes,Yes,2726,none,7,1
A1KWC8TW8ANBQ8,0,54,3.2222222222222223,6.235294117647059,4,yes,USA,Yes,Yes,1587,none,7,1
A1LB8HVSXK66U0,0,54,2.5,4.694444444444445,4,yes,USA,Yes,Yes,1504,{},7,1
A1LSI693NIAOY9,0,54,3.8125,3.9722222222222223,3.5,yes,USA,Yes,Yes,1702,it was simply good,7,1
A1LZWU72K42V92,0.037037037037037035,54,2.5294117647058822,4.333333333333333,4,yes,USA,Yes,Yes,1053,{},7,1
A1MM8TSLCHVMNK,0,54,4.3125,6.888888888888889,4,yes,USA,Yes,Yes,1364,{},7,1
A1N16ZU0FNQEY6,0,54,2.388888888888889,6.088235294117647,4,yes,USA,Yes,Yes,1009,Thank you!,7,1
A1N7BQTP2HR0QN,0,54,4,4,4,yes,USA,Yes,Yes,574,good survey,7,1
A1NDMFN9A5G25G,0,54,2.8125,5.166666666666667,4,yes,USA,Yes,Yes,1502,{},7,1
A1NGABF082HR2P,0.018518518518518517,54,4.611111111111111,6.909090909090909,4,yes,USA,Yes,Yes,474,NA,7,1
A1O57XVTTB1PNZ,0,54,1.6875,5.888888888888889,4,yes,USA,Yes,Yes,987,{},7,1
A1ODA3Q5H6HTDQ,0,54,2.111111111111111,5.147058823529412,4,yes,USA,Yes,Yes,2937,{},7,1
A1OQIXAU1SEJ4P,0,54,2.3333333333333335,6.235294117647059,4,yes,USA,Yes,Yes,411,{},7,1
A1OW27AZS122X2,0,54,2.1666666666666665,5.5588235294117645,4,yes,USA,Yes,Yes,1662,None,7,1
A1P6OXEJ86HQRM,0,54,1.6111111111111112,6,4,yes,USA,Yes,Yes,1526,{},7,1
A1PM5PFLOT46GN,0,54,5.555555555555555,5.352941176470588,4,yes,USA,Yes,Yes,2510,Nice experiment,7,1
A1PR74OHURJNTO,0.018518518518518517,54,1.8333333333333333,5.515151515151516,4,yes,USA,Yes,Yes,395,{},7,1
A1PTH9KTRO06EG,0,54,4.388888888888889,6.176470588235294,4,yes,USA,Yes,Yes,637,{},7,1
A1Q0G8JA5EZ8EI,0.018518518518518517,54,2.7777777777777777,5.666666666666667,4,yes,USA,Yes,Yes,1226,{},7,1
A1Q56N80RJLQ7S,0,54,2.7222222222222223,6.147058823529412,4,yes,USA,Yes,Yes,1966,"Thank you for allowing me to participate! Tried using the instructions of what is plausible of commonly occurring but some of the examples stumped me. Many were very clear though. Ones such as the president pardoned the traitor, might be viewed by many as not common, but as of recently especially in the past few years, others may say it is indeed common.",7,1
A1QGG767E07WBA,0.037037037037037035,54,3.3333333333333335,5.628571428571429,4,yes,USA,Yes,Yes,2088,Thanks!,7,1
A1QT7BQZVOBSY0,0,54,2.6875,6.083333333333333,4,yes,USA,Yes,Yes,897,{},7,1
A1QW58B3BITNKY,0,54,4.375,5.833333333333333,4,no,USA,Yes,Yes,1880,This was fun!,7,1
A1R37XA9QPSIAN,0,54,4.125,6.944444444444445,4,yes,USA,Yes,Yes,474,Some things may have been plausible but they were highly unlikely.,7,1
A1R8A8BK2VN7RH,0,54,2.2222222222222223,4.852941176470588,4,yes,USA,Yes,Yes,401,{},7,1
A1S88VQY8G8CNC,0,54,1.8333333333333333,6.5588235294117645,4,yes,USA,Yes,Yes,973,{},7,1
A1SHLWKA0UH1IS,0,54,3.111111111111111,6.764705882352941,4,yes,USA,Yes,Yes,1518,Thanks!,7,1
A1SIUJEL2LS8UO,0,54,1.8125,4.666666666666667,4,yes,USA,Yes,Yes,2828,{},7,1
A1SN0UU3V61IIM,0.018518518518518517,54,1.8333333333333333,5.96969696969697,4,yes,USA,Yes,Yes,558,{},7,1
A1SX8IVV82M0LW,0,54,4.3125,5.583333333333333,4,yes,USA,Yes,Yes,3186,{},7,1
A1TARNH07A75CG,0,54,1.75,6.166666666666667,4,yes,USA,Yes,Yes,860,{},7,1
A1TLNLB9D87H6,0,54,1.4444444444444444,4.235294117647059,4,yes,USA,Yes,Yes,1137,Some of the words I didn't know and had to Google.,7,1
A1TRO537S2U7QV,0.018518518518518517,54,3.1875,4.857142857142857,4,yes,USA,Yes,Yes,2219,The survey is really confusing as well as interesting.,7,1
A1TZ9YVT2ILX01,0.018518518518518517,54,4.5,4.818181818181818,3.5,yes,USA,Yes,Yes,426,NONE,7,1
A1U4DNYKF6YUY3,0.037037037037037035,54,3.8125,6.676470588235294,4,yes,USA,Yes,Yes,3063,{},7,1
A1U69QDM8UIXZ5,0,54,2.8125,6.416666666666667,4,yes,USA,Yes,Yes,963,"It seems like this should have been yes or no questions instead of a scale, but because it was a scale I tried using more that 1 or 7. Please know I tried on this and needed the dictionary to look up some words.",7,1
A1U8RH67FLZW87,0,54,2.375,5.277777777777778,4,yes,USA,Yes,Yes,1633,{},7,1
A1USR9JCAMDGM3,0.018518518518518517,54,4.2,5.583333333333333,4,yes,USA,Yes,Yes,961,{},7,1
A1V2H0UF94ATWY,0,54,2.75,6.305555555555555,4,,,Yes,Yes,2028,{},7,1
A1VKGII4PKKS3T,0,54,4.888888888888889,5.147058823529412,4.5,yes,USA,Yes,Yes,781,Good,7,6
A1VMPZVVVZUCS4,0,54,2.611111111111111,6.5,4,yes,USA,Yes,Yes,501,"I'm not sure about the sentences with the spirits/ghosts: those make sense grammatically and would make sense in context (e.g., a novel about the paranormal), but they're not plausible in the sense that ghosts aren't real. I wasn't sure how we were supposed to rate those questions.",7,1
A1VRG5HKZC0H0C,0,54,2.111111111111111,6.205882352941177,4,yes,USA,Yes,Yes,1681,N/A,7,1
A1VWP7HOSGKATD,0,54,4.6875,5.166666666666667,4,yes,USA,Yes,Yes,874,{},6,1
A1W7I6FN183I8F,0,54,2.5625,5.25,4,yes,USA,Yes,Yes,2024,"Some of theses sentences were entirely implausible, while others gave me pause as they could in fact occur in real life. In any case, thank you for the experience, and good luck in your research.",7,1
A1WJ54G7U8B57Y,0,54,4.0625,6.111111111111111,4,yes,USA,Yes,Yes,1750,Very good survey,7,1
A1XQOZV8LQDM22,0,54,3.1875,5.361111111111111,4,yes,USA,Yes,Yes,2315,N/A,7,1
A1XUZFDVKP95VC,0,54,2.5,6.111111111111111,4,yes,USA,Yes,Yes,1087,{},7,1
A1XVEKS9O73ERE,0,54,2.5555555555555554,6.117647058823529,4,yes,USA,Yes,Yes,552,thank you,7,1
A1YH2I4Y2SYAXJ,0.018518518518518517,54,2.3529411764705883,6.676470588235294,4,yes,USA,Yes,Yes,1746,thank you!,7,1
A1YSYI926BBOHW,0,54,4.75,6.944444444444445,4,yes,USA,Yes,Yes,2702,{},7,1
A1ZDR2UN7M92LI,0,54,3.888888888888889,7,4,yes,USA,Yes,Yes,432,Thanks!,7,1
A1ZI4VU6650Q8B,0,54,1.9444444444444444,6.794117647058823,4,yes,USA,Yes,Yes,966,{},7,1
A1ZJLRH64XQTUV,0.037037037037037035,54,4.5625,4.411764705882353,4,yes,USA,Yes,Yes,1116,THE SURVEY IS VERY GOOD,7,1
A1ZRK6K5JUPJAV,0,54,3.4375,6.5,4,yes,USA,Yes,Yes,1008,{},7,1
A1ZT30BGR3266K,0,54,2.3333333333333335,6.205882352941177,4,yes,USA,Yes,Yes,2437,{},7,1
A207IHY6GERCFO,0,54,2.75,5.861111111111111,4,yes,USA,Yes,Yes,2719,n,NA,1
A20N1NK5X5S88F,0,54,5,7,4,yes,USA,Yes,Yes,1146,{},7,1
A20NLJPYP65LNU,0,54,2.9444444444444446,4.147058823529412,3.5,,USA,Yes,Yes,641,good survey,7,1
A20RCHED1QJNFN,1,54,NA,NA,NA,,,Yes,Yes,1264,THE SURVEY VERY IMPORTAN,7,1
A21UA6O7ZFAIQJ,0,54,3.625,6.972222222222222,4,yes,USA,Yes,Yes,684,"Sentence: The service rated the cheapskate.

This one used to be implausible, but now it happens often.",7,1
A21ZK49H9LSSRY,0.018518518518518517,54,2.0555555555555554,6.848484848484849,4,no,USA,Yes,Yes,2174,{},7,1
A22DTDEFYRTE45,0,54,4.3125,6.388888888888889,4.5,yes,USA,Yes,Yes,2776,{},7,1
A22W4Y4UI182L2,0,54,4.666666666666667,4.588235294117647,4,yes,USA,Yes,Yes,2350,{},7,1
A23KAJRDVCVGOE,0,54,1.7222222222222223,5.264705882352941,4,yes,USA,Yes,Yes,1459,{},7,1
A24B5UF6RMHYGX,0.018518518518518517,54,2.6666666666666665,5.194444444444445,4,yes,USA,Yes,Yes,2670,ty,7,1
A24LC97AU3QC7G,0,54,1.8333333333333333,5.764705882352941,4,yes,USA,Yes,Yes,1250,{},7,1
A252T7WQTVJNR3,0,54,5.3125,5.361111111111111,5.5,yes,USA,Yes,Yes,380,GOOD,7,1
A2541C8MY0BYV3,0,54,2.1875,4.694444444444445,4,yes,USA,Yes,Yes,3354,{},7,1
A256FHXGSY0E5D,0.018518518518518517,54,4.0625,6.885714285714286,4,yes,USA,Yes,Yes,2871,{},7,1
A25FH7PXC446RG,0,54,2.6875,5.388888888888889,4,yes,USA,Yes,Yes,2193,thank you,7,1
A25G5GC7IS14ZE,0.05555555555555555,54,4.9375,5.303030303030303,4,yes,USA,Yes,Yes,1907,good,7,1
A2615YW1YERQBO,0,54,1.9444444444444444,6.264705882352941,4,yes,USA,Yes,Yes,527,none,7,1
A26M997VYVK0E6,0,54,1.5555555555555556,6.088235294117647,4,yes,USA,Yes,Yes,2840,{},7,1
A26NGLGGFTATVN,0,54,2.0625,5.777777777777778,4,yes,USA,Yes,Yes,404,no issues,5,1
A270HX8LH9LJ8W,0,54,2.8333333333333335,6.617647058823529,4,yes,USA,Yes,Yes,988,{},7,1
A2717S28QHY09K,0.018518518518518517,162,3.074074074074074,3.101010101010101,4,yes,USA,Yes,Yes,648,good,7,2
A2717S28QHY09K,0.018518518518518517,162,3.074074074074074,3.101010101010101,4,yes,USA,Yes,Yes,369,good,7,1
A2717S28QHY09K,0.018518518518518517,162,3.074074074074074,3.101010101010101,4,yes,USA,Yes,Yes,293,good,7,1
A272X64FOZFYLB,0,54,1.3888888888888888,5.147058823529412,4,yes,USA,Yes,Yes,2789,{},7,1
A273DS7TQWR9M1,0,54,1.75,6.472222222222222,4,yes,USA,Yes,Yes,2837,{},7,1
A27VFM67RPD2L5,0,54,2.1875,6.444444444444445,4,yes,USA,Yes,Yes,314,{},7,1
A27W025UEXS1G0,0,54,2.1875,5.805555555555555,4,yes,USA,Yes,Yes,1319,I would've liked to see some examples of the correct answer.,7,1
A28LMUIZO84GAX,0,54,5.9375,6.055555555555555,4,yes,USA,Yes,Yes,1166,NICE,7,1
A28VB70F9S8TJ9,0,54,3.8125,4.361111111111111,4,yes,USA,Yes,Yes,938,good survey,7,1
A29IBNSV45WIMQ,0.018518518518518517,54,3.6666666666666665,6.636363636363637,4,yes,USA,Yes,Yes,863,{},7,1
A29VL3MZE7YPBZ,0,54,1.6666666666666667,6.764705882352941,4,yes,USA,Yes,Yes,627,{},7,1
A2AU47UQON6TL9,0,54,3.6875,6.861111111111111,4,yes,USA,Yes,Yes,1017,{},7,2
A2B0FLA55RH047,0,54,1.3333333333333333,5.823529411764706,4,yes,USA,Yes,Yes,2250,{},7,1
A2BUHMLNE3LUU0,0,54,5.4375,4.611111111111111,4,yes,USA,Yes,Yes,1569,NONE,7,1
A2BVVFXMQU8AC7,0,54,2.888888888888889,6.176470588235294,4,,USA,Yes,Yes,724,{},7,1
A2C84POENS2UNY,0,54,1.5,6,4,yes,USA,Yes,Yes,558,{},7,1
A2CD4H68NVVC5A,0,54,6.125,6.138888888888889,4,yes,USA,Yes,Yes,262,well study,7,1
A2CEGS0NVDBCPT,0,54,2.3333333333333335,5.705882352941177,4,yes,USA,Yes,Yes,1465,{},7,1
A2CEHL1T8C927W,0.018518518518518517,54,3.5,5.4,4,,,Yes,Yes,1576,{},7,1
A2CHDWKAYZ3P3E,0,54,2.5,5.638888888888889,3.5,yes,USA,Yes,Yes,3130,NA,7,1
A2CHN7YRG2LE9E,0,54,4.5,4.147058823529412,4,yes,USA,Yes,Yes,570,{},7,1
A2CJYS92WX7HN6,0.018518518518518517,54,3,6.314285714285714,4,yes,USA,Yes,Yes,3464,{},7,5
A2CPI18KZN30KW,0,54,1.8333333333333333,5.764705882352941,4,yes,USA,Yes,Yes,587,All the best,7,1
A2CWJRAEFZ44HU,0,54,2.5,6.823529411764706,4,yes,USA,Yes,Yes,1158,{},7,1
A2D62KZUMKIA8K,0.018518518518518517,54,5.444444444444445,5.242424242424242,4,yes,USA,Yes,Yes,342,GOOD,7,1
A2DNAK7ZHXUL77,0,54,4.666666666666667,4.588235294117647,4,yes,USA,Yes,Yes,1849,no negative things,7,1
A2DVJ6OMVVYTC7,0,54,4.0625,4.444444444444445,1,yes,USA,Yes,Yes,3341,{},7,2
A2E0LU8V4EUX5C,0,54,2.0555555555555554,5.088235294117647,4,yes,USA,Yes,Yes,1247,"page loaded fine, no technical issues",7,1
A2EELTS09HUTSF,0.07407407407407407,54,5.266666666666667,5.515151515151516,4,yes,USA,Yes,Yes,526,{},7,1
A2EI075XZT9Y2S,0,54,2,6.0588235294117645,4,yes,USA,Yes,Yes,952,{},7,1
A2EJ06OGI9671Q,0,54,2.875,6.583333333333333,4,yes,USA,Yes,Yes,633,{},7,1
A2EPBSY0VPI38S,0,54,1.5,5.4411764705882355,4,yes,USA,Yes,Yes,2586,n/a,7,7
A2FGKKWP33DFWS,0,54,2.7222222222222223,5.382352941176471,4,yes,USA,Yes,Yes,1483,{},7,1
A2FMEIDYEIWJA8,0,54,1.8125,6.472222222222222,4,yes,USA,Yes,Yes,833,The instructions were easy to understand and I thought the survey was well-paid :),7,1
A2FOUSWQDYHIE0,0,54,3.3125,6.444444444444445,4,yes,USA,Yes,Yes,569,I hope my input helps! Thank you!,7,1
A2FYQIZWV2UJHS,0,54,2.3333333333333335,5.911764705882353,4,yes,USA,Yes,Yes,481,this was nicely paid. Thank you,7,1
A2GTO3481Z6486,0,54,2,5.294117647058823,4,yes,USA,Yes,Yes,986,{},7,1
A2HGJV9XNBGTSZ,0.018518518518518517,54,3.875,4.285714285714286,4,yes,USA,Yes,Yes,2366,Nice.,7,1
A2HRUFTA09371Y,0,54,2.875,6.277777777777778,4,yes,USA,Yes,Yes,326,good luck with your research!,7,1
A2HSCKH5NKN5LP,0,54,4.444444444444445,6.647058823529412,4,yes,USA,Yes,Yes,429,"I rated the sorcerer/dwarf, as well as the pixie one implausible because the instructions say ""real world"" sorry if this is incorrect.",7,1
A2HU2D8889A2FV,0,54,1.6666666666666667,6.176470588235294,4,,USA,Yes,Yes,876,{},7,1
A2HZPQDYHDZWBA,0,54,2.2222222222222223,6.0588235294117645,4,no,OTHER,Yes,Yes,859,{},7,1
A2I6ZALE49CVSC,0.018518518518518517,54,4.066666666666666,4.555555555555555,4,yes,USA,Yes,Yes,1366,{},7,1
A2I960JYUZ8KAV,0,54,1.8125,5.666666666666667,4,yes,USA,Yes,Yes,426,{},7,1
A2INXY39KBM92F,0,54,2.8125,5.388888888888889,4,yes,USA,Yes,Yes,467,{},7,1
A2IP3ZAFYGV8M9,0,54,2.6666666666666665,6.676470588235294,4,yes,USA,Yes,Yes,400,{},7,1
A2IQ0QCTQ3KWLT,0,54,3.7777777777777777,6.0588235294117645,4,yes,USA,Yes,Yes,2067,{},7,1
A2JDYN6QM8M5UN,0,54,2.1666666666666665,4.264705882352941,4,yes,USA,Yes,Yes,751,{},7,1
A2JJF5OFND2KL5,0,54,5.625,5.138888888888889,4,yes,USA,Yes,Yes,3372,{},7,1
A2JP9IKRHNLRPI,0,54,1.8333333333333333,5.029411764705882,4,yes,USA,Yes,Yes,1494,{},7,1
A2JRF141BH3W3Y,0,54,4.111111111111111,6.5588235294117645,4,yes,USA,Yes,Yes,1957,{},7,1
A2JTSH1VPJQ8FR,0,54,1.8333333333333333,6,4,yes,USA,Yes,Yes,1735,none,7,2
A2K3HEVVEWLUS4,0,54,5.5625,5.611111111111111,4,yes,USA,Yes,Yes,523,nice,7,1
A2KCNGLOYTL96C,0,54,5.5625,5,5,yes,USA,Yes,Yes,627,good one,7,1
A2KSAAQBU5R0F6,0,54,1.7222222222222223,4.9411764705882355,4,yes,USA,Yes,Yes,701,{},7,1
A2L87NQSYMJEEK,0,54,5.944444444444445,5.5588235294117645,4,yes,USA,Yes,Yes,1015,Nice,7,6
A2LAMCJLVCRQ4T,0,54,3.2777777777777777,6.470588235294118,4,yes,USA,Yes,Yes,1436,{},7,1
A2LT6KC1X51FVW,0,54,3.9375,7,4,yes,USA,Yes,Yes,2924,{},NA,1
A2M17UGPFZWXQW,0,54,4.75,4.944444444444445,4,yes,USA,Yes,Yes,1454,Red Forest,7,1
A2MCG5W6LHSRG9,0,54,2.388888888888889,6.911764705882353,4,yes,USA,Yes,Yes,1193,{},7,1
A2ML0070M8FDK1,0,54,2.9375,5.944444444444445,4,yes,USA,Yes,Yes,1081,{},7,1
A2MM8RN9555ZNJ,0,54,2,3.8823529411764706,4,yes,USA,Yes,Yes,2739,{},7,1
A2MOKIEQZ0OF2M,0,54,2.888888888888889,5.823529411764706,4,yes,USA,Yes,Yes,555,"I enjoyed the survey, it was very interesting.",7,1
A2MS1GQLGAX9FZ,0,54,2.3125,6.388888888888889,4,yes,USA,Yes,Yes,891,{},7,1
A2N2GFB33ZMYGF,0,54,2.9375,5.944444444444445,4,yes,USA,Yes,Yes,1575,{},7,1
A2N39KH7N8TB3Z,0,54,6.75,6.777777777777778,7,yes,USA,Yes,Yes,640,good,7,1
A2N9U74YIPDQ9F,0,54,2.125,4.916666666666667,4,yes,USA,Yes,Yes,393,{},7,1
A2NEFRREWF33YP,0,54,3.0555555555555554,6.323529411764706,4,yes,USA,Yes,Yes,1569,{},7,1
A2NELZYZFD4SSQ,0,54,2.0625,5.944444444444445,4,yes,USA,Yes,Yes,2804,{},7,1
A2NHFSO7GMM8QR,0,54,2.888888888888889,6.647058823529412,4,yes,USA,Yes,Yes,1511,{},7,1
A2NT3OQZUUZPEO,0,54,2.5,6.9411764705882355,4,yes,USA,Yes,Yes,2681,{},7,1
A2NXMRPHG86N2T,0,54,2.3333333333333335,6.470588235294118,4,yes,USA,Yes,Yes,3330,{},7,1
A2O4XAP7RMWJJ4,0,54,5.1875,5.25,4,yes,USA,Yes,Yes,978,This is nice task.,7,1
A2O67PQ9YKH2FY,0,54,5.5625,5.222222222222222,4,yes,USA,Yes,Yes,2841,Interesting in this study.,7,1
A2OD2CFXV8WT53,0,54,5.5,5.361111111111111,4,yes,USA,Yes,Yes,229,{},7,1
A2ONILC0LZKG6Y,0,54,2.25,5.444444444444445,4,yes,USA,Yes,Yes,519,{},7,1
A2OR46JV43TOJV,0,54,2.388888888888889,2.911764705882353,4,yes,USA,No,Yes,2960,Nice task and thanks for the opportunity.,7,1
A2OU4N4VBIE91I,0,54,3.5,5.764705882352941,4,yes,USA,Yes,Yes,2916,{},7,1
A2OU924AC8XCYC,0,54,3.0625,6.027777777777778,4,yes,USA,Yes,Yes,1096,{},7,1
A2OVET58SDVSB2,0,54,6.0625,6,4,yes,USA,Yes,Yes,1630,{},7,1
A2OVX9UW5WANQE,0,54,1.8125,6.5,4,yes,USA,Yes,Yes,3023,{},7,1
A2OX8TSRCU6NKD,0,54,1.6666666666666667,4.411764705882353,4,yes,USA,Yes,Yes,1896,{},7,6
A2P065E9CYMYJL,0,54,1.6666666666666667,5.470588235294118,4,yes,USA,Yes,Yes,2849,{},7,1
A2P53AN2M8IWFP,0.018518518518518517,54,2.2222222222222223,5.787878787878788,4,yes,USA,Yes,Yes,365,"I answered thoughtfully, good luck!",7,1
A2PIFMM4Q2I9ZS,0,54,2,6.147058823529412,4,yes,USA,Yes,Yes,1219,{},6,1
A2PN1H89SQF28M,0,54,5.25,5.944444444444445,4,yes,USA,Yes,Yes,2839,good,7,1
A2PSR3CMNR1R9X,0,54,3.125,5.694444444444445,4,yes,USA,Yes,Yes,1760,{},7,4
A2PT18UI9FY7PC,0,54,3.875,4.194444444444445,4,yes,USA,Yes,Yes,2065,its good,7,1
A2Q0JW4UWC2SKT,0.037037037037037035,54,3.625,3.5588235294117645,4,,,Yes,Yes,2160,{},7,1
A2QD7QFGCUNF5N,0,54,4.555555555555555,4.294117647058823,4,yes,USA,Yes,Yes,1073,{},7,1
A2QX2B50DM45E2,0,54,3.388888888888889,5.529411764705882,4,yes,USA,Yes,Yes,3431,{},7,1
A2QX3YJXAAHHVV,0.018518518518518517,54,2.4,5.944444444444445,3.5,yes,USA,Yes,Yes,394,"I think there was one ambiguous sentence, ""The confectioner was sprinkled by the sugar."" The sugar can't actively sprinkle itself on them, but this could be read in a passive tone.",7,1
A2R0YYUAWNT7UD,0,54,4.0625,5.916666666666667,4,yes,USA,Yes,Yes,1465,{},7,1
A2R1O5M28TA0K4,0,54,4.222222222222222,4.117647058823529,4,yes,USA,Yes,Yes,1515,GOOD,7,1
A2R75YFKVALBXE,0,54,2.5,5.294117647058823,4,yes,USA,Yes,Yes,3519,"None, thanks!",4,1
A2REBBMVBFBWFD,0,54,1.7222222222222223,5.705882352941177,4,yes,USA,Yes,Yes,507,{},7,1
A2RVFMCKSSEHDV,0,54,3.375,5.666666666666667,4,yes,USA,Yes,Yes,1612,none,7,1
A2RWB8JR7AGKXZ,0,54,2.6875,6.027777777777778,4,yes,USA,Yes,Yes,489,"It was very interesting, thank you!",7,1
A2S23A49RFCDZ1,0.07407407407407407,54,6.0625,5.5,5,yes,USA,Yes,Yes,2335,GOOD,7,1
A2S7M4RSX6ZF5Z,0,54,4.166666666666667,3.9411764705882355,4,yes,USA,Yes,Yes,966,Its best experience in this survey.,7,1
A2S96ZZ70YFPSK,0,54,2.3125,6.305555555555555,4,yes,USA,Yes,Yes,1322,{},7,1
A2SAZ2K1V1WJ0V,0,54,5.666666666666667,6.029411764705882,4,yes,USA,Yes,Yes,3098,na,7,1
A2SD7GN80U31GW,0,54,3.625,6.388888888888889,4,yes,USA,Yes,Yes,1560,{},5,1
A2STMS163OI8TB,0.037037037037037035,54,2.6666666666666665,6.3125,4,yes,USA,Yes,Yes,1639,{},7,1
A2SXSU80ZWHAZO,0,54,5.5,5.735294117647059,4,yes,USA,Yes,Yes,1540,Nice and useful survey.Thanks for the opportunity.,7,1
A2T7VIFQS647LC,0,54,2.6875,6.277777777777778,4,,,Yes,Yes,308,{},7,1
A2TRFQJKZU9NB3,0,54,6.3125,6.361111111111111,4,yes,USA,Yes,Yes,3254,good,7,1
A2TVJTQ4VXATE6,0,54,3.111111111111111,6.0588235294117645,4,yes,USA,Yes,Yes,672,{},7,1
A2U45Y0OV3P7D8,0,54,2.6666666666666665,6.029411764705882,4,yes,USA,Yes,Yes,642,{},7,1
A2V27A9GZA1NR2,0,54,2.3333333333333335,5.411764705882353,4,yes,USA,Yes,Yes,1567,Thank You,7,1
A2V4DP31BEVABF,0,54,4.75,6.611111111111111,4,no,IND,Yes,Yes,920,Thanks.,7,1
A2VFEDAK5C1E1O,0,54,2.5,5.777777777777778,4,yes,USA,Yes,Yes,1218,This was a very interesting study!  Thanks for some variety!,7,1
A2VLTSW6CXIUMR,0,54,2.0625,5.833333333333333,4,yes,USA,Yes,Yes,1807,Happy To Participate.,7,1
A2VNSNAN1LZBAM,0,54,2.5625,6.916666666666667,4,yes,USA,Yes,Yes,325,{},7,1
A2VRDE2FHCBMF8,0,54,1.8333333333333333,6.705882352941177,4,no,OTHER,Yes,Yes,1380,"Thank you very much for this HIT, and best of luck with your research",7,1
A2VTUR86NML1F8,0,54,3.4375,4.666666666666667,4,yes,USA,Yes,Yes,726,none,7,1
A2W5MSZP0O4Y2P,0,54,2.4444444444444446,6.264705882352941,4,yes,USA,Yes,Yes,1392,{},7,1
A2WJMGV0HKQG3Z,0,54,2.7777777777777777,5.352941176470588,4,yes,USA,Yes,Yes,1307,{},7,1
A2WVCXVSE0YGML,0,54,1.6666666666666667,6.117647058823529,4,yes,USA,Yes,Yes,1605,"That was an interesting exercise, good luck with your research!",7,1
A2WWYVKGZZXBOB,0,54,2.2222222222222223,5.9411764705882355,4,yes,USA,Yes,Yes,2142,{},7,1
A2Y7RA3JIQXV6M,0,54,2.7777777777777777,4.970588235294118,4,yes,USA,Yes,Yes,1133,{},7,1
A2Y87M8V0N1M6P,0,54,1.7777777777777777,5.147058823529412,4,yes,USA,Yes,Yes,3569,{},7,1
A2YGOORS5N9RW8,0,54,2.5555555555555554,6.705882352941177,4,yes,USA,Yes,Yes,2277,{},7,1
A2YHOJLEZR8663,0,54,1.0555555555555556,4.588235294117647,4,yes,USA,Yes,Yes,1641,{},7,1
A2YIB84VKYNKWD,0,54,3.1666666666666665,6.470588235294118,4,yes,USA,Yes,Yes,559,{},7,1
A2YTO4EY3MNYAJ,0,54,2.1666666666666665,6.382352941176471,4,yes,USA,Yes,Yes,713,study ran smoothly,7,1
A2YVC1U50H2B4R,0,54,2.6875,6.611111111111111,4,yes,USA,Yes,Yes,275,{},7,1
A2Z6NL0CTXY0ZB,0,54,3.2777777777777777,6.4411764705882355,4,yes,USA,Yes,Yes,1235,{},7,1
A2ZDEERVRN5AMC,0,54,3.4375,6.694444444444445,4,yes,USA,Yes,Yes,902,"thanks, tedlab! â˜º",7,1
A2ZGAH6NOSU2PO,0,54,1.7777777777777777,6.5,4,yes,USA,Yes,Yes,1400,No comments,7,1
A2ZHBK2MDL2L51,0,54,3.5,3.6944444444444446,4.5,yes,USA,Yes,Yes,275,no comments,7,1
A2ZJS73XSSMRTD,0,54,2.0625,5.277777777777778,4,yes,USA,Yes,Yes,589,{},7,1
A2ZL5GAZK6S0H1,0,54,2.875,6.111111111111111,4,yes,USA,Yes,Yes,627,{},7,1
A2ZLIHPKKU69QZ,0,54,5,5.117647058823529,4,yes,USA,Yes,Yes,3333,no comments,7,2
A30HUZHJBOX1LK,0,54,3.125,6.916666666666667,4,yes,USA,Yes,Yes,864,{},6,1
A30NGIKN7761QK,0,54,3.2777777777777777,5.705882352941177,4.5,yes,USA,Yes,Yes,956,Engaging study,7,1
A310N8EXJNXVCA,0,54,2.75,6.444444444444445,4,,,Yes,Yes,2685,{},5,1
A31BIJVDYW40U2,0.05555555555555555,54,6.4375,5.9393939393939394,4,yes,USA,Yes,Yes,1661,this survey very nice,7,1
A320QA9HJFUOZO,0,54,2.2222222222222223,6.235294117647059,4,yes,USA,Yes,Yes,2502,thanks,7,1
A326O3VWP8TO8N,0,54,1.3888888888888888,6.088235294117647,4,yes,USA,Yes,Yes,590,{},7,1
A32QFJTK9LJXLR,0,54,2.75,6.5,4,yes,USA,Yes,Yes,1092,Love these!,7,1
A3388HIWAKD3DV,0,54,4.166666666666667,6.676470588235294,4,yes,USA,Yes,Yes,638,"None, thank you!",7,2
A33BYDSAFW6PK,0,54,4.1875,4.527777777777778,4,yes,USA,Yes,Yes,541,WELL,7,1
A33RBG4AB7LIPJ,0,54,3.5,6.111111111111111,4,yes,USA,Yes,Yes,1285,{},7,1
A33T45FNLQC14X,0,54,3.2222222222222223,4.235294117647059,4,yes,USA,Yes,Yes,1526,This is most attractive survey. this is most good.,7,1
A33Z6BHAJUGCHY,0.018518518518518517,54,3.7222222222222223,6.151515151515151,4,yes,USA,Yes,Yes,904,{},6,1
A34U4186EW0B9X,0,54,1.8333333333333333,5.735294117647059,4,yes,USA,Yes,Yes,627,{},7,1
A351P2O6QGTCS,0,54,2.8333333333333335,5.911764705882353,4,yes,USA,Yes,Yes,809,{},7,1
A353XKDTUX10NC,0,54,3.5555555555555554,6.852941176470588,4,yes,USA,Yes,Yes,1340,Have a nice day.,7,1
A35DEXUQBSKQWF,0,54,3.5625,3.7222222222222223,4,yes,USA,Yes,Yes,1716,great survey.,7,1
A35LWWZHYTBJES,0,108,7,6.986111111111111,4,yes,USA,Yes,Yes,558,good,7,1
A35LWWZHYTBJES,0,108,7,6.986111111111111,4,yes,USA,Yes,Yes,1041,good,7,2
A36A2JLZUOPNUM,0,54,3.125,5.055555555555555,4,yes,USA,Yes,Yes,1463,{},7,1
A36GO7YCYNTI1W,0,54,1.3333333333333333,4.705882352941177,3.5,yes,USA,Yes,Yes,817,No comments,7,1
A36GU3OHGLDS8R,0,54,1.3888888888888888,2.9705882352941178,4,yes,USA,Yes,Yes,327,{},7,1
A36IO8HVVL5WTZ,0,54,2.75,6.722222222222222,4,yes,USA,Yes,Yes,1383,"Some of these were pretty difficult to visualize, and I'm not sure that I got 100% but feel confident that I was able to do most correctly.",7,1
A37KREDYGDTP4U,0,54,2.0555555555555554,5.117647058823529,4,yes,USA,Yes,Yes,996,{},7,1
A37PUSY6CJ7TQ0,0,54,2.9444444444444446,5.323529411764706,4,yes,USA,Yes,Yes,343,{},7,1
A37S96RT1P1IT2,0,54,1.625,5.75,4,yes,USA,Yes,Yes,703,No comment.,7,1
A38BNV13AV0S8Y,0,54,2.625,5.194444444444445,4,yes,USA,Yes,Yes,787,{},7,1
A38VFGL477QDJC,0,54,3.9375,6.444444444444445,4,,OTHER,Yes,Yes,2152,{},7,1
A3908297ZI3LES,0,54,2.9375,6.027777777777778,4,yes,USA,Yes,Yes,1023,Thank you,7,1
A3914P24XPNPY3,0,54,2,5.027777777777778,4,,USA,Yes,Yes,212,{},7,1
A39MKVROUZ1UWR,0,54,3,6.588235294117647,4,yes,USA,Yes,Yes,1285,{},7,1
A39WTL5BQTEI3X,0,54,7,6.944444444444445,4,yes,USA,Yes,Yes,1133,GOOD,7,1
A3AJJHOAV7WIUQ,0.018518518518518517,54,2.1333333333333333,5.472222222222222,4,,USA,Yes,Yes,297,{},7,1
A3C2X1L5PVNNLV,0,54,2.875,5.388888888888889,4,,USA,Yes,Yes,2555,{},7,1
A3CD3C99T8S6ON,0,54,2.7222222222222223,6.382352941176471,4,yes,USA,Yes,Yes,487,no comments,7,1
A3CE0SWITZK3UD,0,54,2.2777777777777777,6.617647058823529,4,yes,USA,Yes,Yes,3199,{},7,2
A3CH1Z6J9R38G9,0,54,2.4444444444444446,5.352941176470588,4,yes,USA,Yes,Yes,1920,{},7,1
A3CP0DLCGX5J7O,0,54,1.8888888888888888,5.117647058823529,4,yes,USA,Yes,Yes,389,{},7,1
A3CTXNQ2GXIQSP,0,54,3.0625,6.75,4,yes,USA,Yes,Yes,1250,{},6,1
A3D2U4QF7821ZW,0,54,2.625,6,4,yes,USA,Yes,Yes,2460,{},7,1
A3DCMLNFISSIAW,0,54,6.277777777777778,6,6,yes,USA,Yes,Yes,234,GOOD AND INTERESTING,7,1
A3DJJQP3ATMFKP,0,54,3.2222222222222223,6.352941176470588,4,,,Yes,Yes,481,{},7,1
A3DUPRZSMU9W5R,0,54,3.0625,5.722222222222222,4,yes,USA,Yes,Yes,965,"Depending on the positions of the two subject nouns in the sentence, if one had a more prestigious position for example, I gave the sentence less likely or more likely to be credible depending upon who was helping whom. Thx",7,1
A3E6CBPKULWOIH,0,54,5.5,5.805555555555555,4,yes,USA,Yes,Yes,3005,excellent,7,1
A3EG4C9T4F5DUR,0,54,2.875,6,4,yes,USA,Yes,Yes,3390,{},7,1
A3EUGO4VR2N4G1,0,54,2.111111111111111,6.4411764705882355,4,yes,USA,Yes,Yes,319,Thanks for paying fair!,7,1
A3EWR58W0SA885,0,54,2.4444444444444446,5.5588235294117645,4,yes,USA,Yes,Yes,1814,{},7,1
A3FGT6EU39C6S4,0,54,3,5.888888888888889,4,yes,USA,Yes,Yes,2747,A3FGT6EU39C6S4,7,1
A3FK6CWJPUWEWH,0.018518518518518517,54,3.2222222222222223,6.696969696969697,4,yes,USA,Yes,Yes,276,{},7,1
A3FNC8ELMK8YJA,0,54,2.1666666666666665,6.647058823529412,4,yes,USA,Yes,Yes,2907,{},7,1
A3FOKP72T5I4FR,0,54,2.388888888888889,6.5588235294117645,4,,USA,Yes,Yes,764,{},7,1
A3GIHD8GJU04MU,0,54,4.1875,3.861111111111111,4,yes,USA,Yes,Yes,1764,The survey is very nice,7,1
A3GK90X2QOFR53,0,54,3.375,5.5,4,yes,USA,Yes,Yes,2703,none,7,1
A3GLUDQZGEJL5G,0.4444444444444444,54,4.4,5,4,yes,USA,Yes,Yes,2314,{},7,1
A3GOR38ZREUSKR,0.018518518518518517,54,5.375,5.2,4,yes,USA,Yes,Yes,2227,GOOD,7,1
A3GPTSDDHJ2DBV,0,54,3.4444444444444446,6.5588235294117645,4,yes,USA,Yes,Yes,1213,{},7,1
A3GZYWA9S6J0K9,0,54,2.5,5.117647058823529,4,yes,USA,Yes,Yes,798,{},7,1
A3H3BTRV6I3LYU,0,54,2.25,6.277777777777778,4,yes,USA,Yes,Yes,551,{},7,1
A3H8M155NBFE1L,0,54,3.25,6.527777777777778,4,yes,USA,Yes,Yes,983,{},7,1
A3HHDPKL3O3O7Y,0.018518518518518517,54,3.125,5.8,4,yes,USA,Yes,Yes,822,{},7,1
A3HOBJ4PJUOCUN,0,54,3.9444444444444446,6.529411764705882,4,yes,USA,Yes,Yes,3022,{},7,1
A3HVID0VN8HV9T,0.018518518518518517,54,3.411764705882353,5.9411764705882355,4,,,Yes,Yes,2556,none.,7,1
A3HYKJ2457U3EN,0.018518518518518517,54,5.833333333333333,5.454545454545454,4,yes,USA,Yes,Yes,2271,useful study,7,1
A3HZFB2JLF3JMY,0.018518518518518517,54,4.0625,4.2,4,yes,USA,Yes,Yes,1402,n/a thanks!,7,1
A3I1W58P6SIV26,0,54,2.6875,6.583333333333333,4,yes,USA,Yes,Yes,3242,"Interesting study, I liked it!",7,1
A3I40B0FATY8VH,0,54,1,6.735294117647059,4,yes,USA,Yes,Yes,1575,{},7,1
A3I9FTHSULHPYS,0,54,1.6111111111111112,5.764705882352941,4,yes,USA,Yes,Yes,279,none,7,1
A3IDWLRXWYXBWN,0.05555555555555555,54,6.8125,6.909090909090909,4.5,yes,USA,Yes,Yes,531,good,7,1
A3IRFD9O4M284F,0,54,5.388888888888889,5.764705882352941,4,yes,USA,Yes,Yes,1398,nice survey,7,1
A3JI3B5GTVA95F,0,54,1.375,5.555555555555555,4,no,USA,Yes,Yes,1756,"Thank you for the opportunity. Some of these scenarios were a bit more tricky, but I hope I did alright.",7,1
A3JTDNRJYVCGQD,0,54,1.875,6.194444444444445,4,yes,USA,Yes,Yes,2633,{},7,1
A3JV54EH1LEK4H,0,54,6.888888888888889,6.705882352941177,4.5,yes,USA,Yes,Yes,451,good,7,1
A3KF6O09H04SP7,0,54,1.8888888888888888,6.264705882352941,4,yes,USA,Yes,Yes,369,Thanks!,7,1
A3KK1BNF5H0N1Z,0.018518518518518517,54,4.388888888888889,4.454545454545454,4,yes,USA,Yes,Yes,909,{},7,1
A3KK5FKG3L0Q66,0,54,2.625,5.388888888888889,4,yes,USA,Yes,Yes,1616,{},7,1
A3KP8KFGG6734Q,0,54,2.6666666666666665,6.5,4,yes,USA,Yes,Yes,2180,"Nice hit, thanks.",7,1
A3L0DCUXI7X3A9,0,54,2.3125,5.611111111111111,4,yes,USA,Yes,Yes,898,no problems,7,1
A3L4JI1S352HB8,0,54,2.1666666666666665,5.323529411764706,4,yes,USA,Yes,Yes,1328,"There were a few words used in the questions that I didn't know and had to look up online (mollified). I consider myself someone who has a rich, native English language and been speaking it since birth and found the vocabulary a bit hard to understand.",7,1
A3LL096CAY5WHB,0.037037037037037035,54,2.5625,5.5588235294117645,4,yes,USA,Yes,Yes,1625,{},7,1
A3LRZX8477TYYZ,0,54,2.5,6.527777777777778,4,yes,USA,Yes,Yes,3346,{},7,1
A3M97GKJ6PVL3A,0,54,2.6666666666666665,4.0588235294117645,4,yes,USA,Yes,Yes,987,{},7,1
A3M9ZOPLZIQ2A,0.018518518518518517,54,5.117647058823529,5.117647058823529,4,yes,USA,Yes,Yes,2031,good,7,1
A3MD34XEB4H6JF,0.037037037037037035,54,3.6875,6.411764705882353,4,yes,USA,Yes,Yes,2153,Thank you,7,1
A3N4L5F7CEY0B2,0,54,1.1111111111111112,4.705882352941177,4,yes,USA,Yes,Yes,1110,{},7,1
A3N6AAKMOMH1Q0,0,54,5.611111111111111,5.970588235294118,4.5,yes,USA,Yes,Yes,2331,Good survey,7,1
A3O5X3P3N0KU7I,0,54,5.6875,5.75,4,yes,USA,Yes,Yes,447,red forest,7,1
A3OT9EHUD1UORR,0,54,6.944444444444445,7,4,yes,USA,Yes,Yes,1276,good,7,1
A3P57IUDHUKNCE,0,54,5.25,5.777777777777778,3,yes,USA,Yes,Yes,3242,{},7,1
A3P6CVPYACUX43,0,54,2.7777777777777777,6.411764705882353,4,yes,USA,Yes,Yes,1879,{},7,1
A3P7AXWF57BHNX,0,54,3.2222222222222223,6.323529411764706,4,yes,USA,Yes,Yes,2559,Thanks for fair pay.,7,1
A3QLGMZOLGMBQ1,0,54,2.875,5.888888888888889,4,yes,USA,Yes,Yes,996,{},7,1
A3QS96739O5M6F,0,54,2.6666666666666665,5,4,yes,USA,Yes,Yes,2149,thanks,7,1
A3QSJY1FFN0N6V,0,54,3.625,6.666666666666667,4,yes,USA,Yes,Yes,370,None,7,1
A3R5OJR60C6004,0,54,2.9444444444444446,6.617647058823529,4,yes,USA,Yes,Yes,788,well organized and presented,7,1
A3RDH0U2H6JCBC,0,54,3.375,6.666666666666667,4,yes,USA,Yes,Yes,3067,{},7,2
A3RHJEMZ4EGY2U,0,54,3.5,5.9411764705882355,4,yes,USA,Yes,Yes,3337,{},7,1
A3RI9RLBGPG2B6,0.018518518518518517,54,1.5625,5.885714285714286,4,yes,USA,Yes,Yes,668,{},7,1
A3RKG5PZN97RD5,0,54,3.0555555555555554,6.735294117647059,4,yes,USA,Yes,Yes,975,{},7,1
A3ROADR7T6811,0,54,2.0555555555555554,4.5,4,yes,USA,Yes,Yes,1792,{},7,1
A3RQN5RZD1N2KP,0,54,2.2777777777777777,6.352941176470588,4,yes,USA,Yes,Yes,2055,{},7,1
A3RVHUY67SVXQV,0,54,2.5555555555555554,5.529411764705882,4,yes,USA,Yes,Yes,1565,{},7,1
A3RYI5HXC2MJLN,0,54,4.0625,5.416666666666667,4,yes,USA,Yes,Yes,3461,{},7,1
A3TOUB8313BPVS,0,54,3.75,6.75,3.5,yes,USA,Yes,Yes,2471,{},7,1
A3UV55HC87DO9C,0,54,4.0625,6.472222222222222,4,yes,USA,Yes,Yes,2513,none! :),7,7
A3V2XCDF45VN9X,0,108,1.5,5.985294117647059,4,no,OTHER,Yes,Yes,1473,{},7,1
A3V2XCDF45VN9X,0,108,1.5,5.985294117647059,4,no,OTHER,Yes,Yes,1281,None,7,1
A3W2RRAUPHYRIO,0,54,1.625,5.388888888888889,4,yes,USA,Yes,Yes,529,{},7,1
A3W341JMZSKATX,0,54,3.125,5.055555555555555,4,yes,USA,Yes,Yes,3597,{},7,1
A47HX1N4QM1XQ,0,54,4.5625,4.75,4,yes,USA,Yes,Yes,3323,It was good to finished.,7,1
A48WNR6C4CI3J,0,54,3,6.735294117647059,4,yes,USA,Yes,Yes,264,{},7,1
A4J4GGMKJ68L0,0,54,2.375,5.972222222222222,4,yes,USA,Yes,Yes,3150,{},7,1
A4LCG4MSNJRUF,0,54,3,6,4,yes,USA,Yes,Yes,439,{},7,1
A59E3FJSGRUKE,0,54,5.444444444444445,5.294117647058823,4,yes,USA,Yes,Yes,1227,{},7,1
A5MWDPP9SOROE,0.018518518518518517,54,4.4375,4.6,4,yes,USA,Yes,Yes,1015,{},7,1
A5NE8TWS8ZV7B,0,54,3.6666666666666665,6.9411764705882355,4,yes,USA,Yes,Yes,1651,{},7,1
A64JDJKE9DYCT,0,54,1.9444444444444444,6,4,yes,USA,Yes,Yes,672,{},7,1
A65FDBSWHLIVX,0.018518518518518517,54,3.6666666666666665,4.361111111111111,4,yes,USA,Yes,Yes,986,The survey is very good,7,1
A67Z8IR5X029C,0.018518518518518517,54,6.1875,6.0285714285714285,6,yes,USA,Yes,Yes,974,very good survey,7,3
A6HDSE80LQPR8,0,54,4.125,6.111111111111111,4,yes,USA,Yes,Yes,1080,none,7,1
A6INY1UVFY5GB,0,54,3.0625,6.75,4,yes,USA,Yes,Yes,1453,{},7,1
A6KB4VHCZYTY2,0,54,3.3125,5.277777777777778,4,yes,USA,Yes,Yes,961,{},7,1
A6R88PQFFSNI9,0,54,3.8125,5,4,yes,USA,Yes,Yes,2429,It is a Interesting Study.,7,1
A6XAX4NBQK8W2,0.018518518518518517,54,6.388888888888889,6.545454545454546,4,yes,USA,Yes,Yes,1537,{},7,1
A7I3G380E29VE,0,54,4.125,7,4,yes,USA,Yes,Yes,659,{},7,1
A7O82NXM2PI12,0,54,2.6666666666666665,6.382352941176471,4,yes,USA,Yes,Yes,919,{},7,1
A8UJNIY9R8S7W,0,54,3.9375,6.861111111111111,7,yes,USA,Yes,Yes,2363,{},7,1
A90G0G4SJ26BM,0.05555555555555555,54,2.8666666666666667,5.323529411764706,4,yes,USA,Yes,Yes,3514,{},7,1
A98E8M4QLI9RS,0.018518518518518517,54,3.8333333333333335,6.9393939393939394,4,yes,USA,Yes,Yes,1760,Thank you for the opportunity to participate in this study.,7,1
AAASQIW3J32OL,0,54,2.625,6.805555555555555,4,yes,USA,Yes,Yes,546,{},7,1
AAH6HJWRC4JD2,0,54,5.722222222222222,5.852941176470588,4,yes,USA,Yes,Yes,2529,good,7,1
AAQREZOK13OV7,0,54,3.6875,6.75,4,yes,USA,Yes,Yes,2591,{},7,1
AB09F0Q4T10TE,0,54,3.1875,6.888888888888889,4,yes,USA,Yes,Yes,450,Thank you.,7,1
ABW8U1U74P8MI,0.05555555555555555,54,3.4375,5.212121212121212,4,yes,USA,Yes,Yes,2382,{},7,1
ACBPSLPGDTGEZ,0.037037037037037035,54,6.375,6.382352941176471,4,,,Yes,Yes,548,good,7,1
ACGGIBC0P38HU,0,54,2.6666666666666665,6.617647058823529,4,yes,USA,Yes,Yes,1160,{},7,1
ACGHHDT7RY1AH,0,54,4.666666666666667,6.588235294117647,4,yes,USA,Yes,Yes,535,{},7,1
ACKG8OU1KHKO2,0,54,4.375,6,4,yes,USA,Yes,Yes,1295,{},7,1
ACON9O9NMFOHE,0,54,2.75,4.833333333333333,4,yes,USA,Yes,Yes,2361,{},7,1
ACRTRQ23XH20E,0.018518518518518517,54,2.1666666666666665,5,4,yes,USA,Yes,Yes,1309,{},7,1
ACSS93E03ZUGX,0,54,2.7222222222222223,6.529411764705882,4,yes,USA,Yes,Yes,854,{},7,1
AD75IYA9OIIQF,0,54,3.25,5.305555555555555,4,yes,USA,Yes,Yes,421,{},4,1
ADJ9I7ZBFYFH7,0,54,1.8333333333333333,6.147058823529412,4,yes,USA,Yes,Yes,840,Cheers.,7,1
ADVJB810K4OYR,0,54,3.5,5.5588235294117645,4,yes,USA,Yes,Yes,1224,n/a,7,5
ADZDFHPZZ5VFL,0.018518518518518517,54,5.888888888888889,5.606060606060606,4,,USA,Yes,Yes,1954,Such good survey.,7,1
AE015UO038LEC,0,54,3.3333333333333335,6.823529411764706,4,yes,USA,Yes,Yes,511,{},7,1
AEBY6S5MX5O8R,0,54,3.3125,5.416666666666667,4,yes,USA,Yes,Yes,1077,{},7,1
AEF74ZYJTTEIA,0,54,3.2777777777777777,6.970588235294118,4,yes,USA,Yes,Yes,285,{},7,1
AFC8SYXW9UZUC,0,54,4.611111111111111,5.411764705882353,4.5,yes,USA,Yes,Yes,947,{},7,1
AFDC9A6Z60W2Z,0.018518518518518517,54,4.3125,6.771428571428571,4,yes,USA,Yes,Yes,1687,{},7,1
AFIK3VBMMX6G6,0,54,1.6666666666666667,5.088235294117647,4,yes,USA,Yes,Yes,1103,{},7,1
AFKB7F09OVKV7,0,54,1.875,6.055555555555555,4,yes,USA,Yes,Yes,1347,"I hope I didn't miss any attention checks and answered enough correctly. Some were obviously not just black and white, so I hope leaning one way or the other factors in too. Thank you for letting me take this!",7,1
AFN5VMMGYPF1I,0,54,3.2777777777777777,6.029411764705882,4,yes,USA,Yes,Yes,597,I enjoyed this task,7,1
AG9LMLEPXP2YC,0,54,3.611111111111111,4.794117647058823,4.5,yes,USA,Yes,Yes,1898,{},7,1
AH7VF786B5UG4,0.037037037037037035,54,5.466666666666667,5.8,2.5,yes,USA,Yes,Yes,653,great analysis,7,1
AHYTT3T8W9Y9Y,0,54,2.0625,6.277777777777778,4,yes,USA,Yes,Yes,1183,{},7,1
AI9YR5E1S3U19,0,54,3.4375,3.111111111111111,4,yes,USA,Yes,Yes,694,good,7,1
AIICJA0A5J8NF,0,54,1.2222222222222223,6.411764705882353,4,yes,USA,Yes,Yes,783,{},7,1
AIQ1I6ODSIO56,0,54,2.9444444444444446,6.382352941176471,4,yes,USA,Yes,Yes,572,{},7,1
AIY8KHG5LEXNY,0.018518518518518517,54,6.0625,5.6571428571428575,4,yes,USA,Yes,Yes,434,NICE,7,1
AJ4T7PTRYNSUW,0,54,2.2777777777777777,4.823529411764706,4,,,Yes,Yes,2100,{},7,1
AJM4334V07JDQ,0.018518518518518517,54,1.9444444444444444,5.606060606060606,4,yes,USA,Yes,Yes,628,than you!,7,1
AJRY9ALX8069Y,0,54,2.8125,6.944444444444445,4,yes,USA,Yes,Yes,470,{},7,1
AJXIC6Q5EM76P,0,54,2,4.472222222222222,4,yes,USA,Yes,Yes,1297,{},7,1
AJZEXCH1TSUE1,0,54,1.1666666666666667,6.676470588235294,4,yes,USA,Yes,Yes,1586,{},7,6
AK3H5QRAROFGP,0,54,2.5,6.205882352941177,4,yes,USA,Yes,Yes,838,{},1,1
AKHH4W14A6AN9,0.018518518518518517,54,1.5294117647058822,5.5588235294117645,4,yes,USA,Yes,Yes,3260,{},7,1
AKJ22H1NTVIQX,0.6111111111111112,54,1.5,6.538461538461538,NA,yes,USA,Yes,Yes,1375,{},7,1
AKSJ3C5O3V9RB,0,54,2.4375,6.555555555555555,4,yes,USA,Yes,Yes,1958,{},7,1
AL3K9E6X0U9MN,0.018518518518518517,54,5.875,5.6571428571428575,4,yes,USA,Yes,Yes,1580,{},7,1
ALEE1QD4TW9G4,0,54,3.625,6.638888888888889,4,yes,USA,Yes,Yes,762,everything went fine,7,1
ALQDW7ERK5R4C,0.018518518518518517,54,4.375,4.428571428571429,5,yes,USA,Yes,Yes,304,great,7,1
AMA18W8F60Y2J,0,54,1.5,4.323529411764706,4,yes,USA,Yes,Yes,887,{},7,1
AMIQGW2E3WYO4,0,54,1,5.088235294117647,4,yes,USA,Yes,Yes,812,{},7,1
AMV1E7FFPVAW4,0.018518518518518517,54,2,4.424242424242424,4,yes,USA,Yes,Yes,915,{},7,1
AN9MVFWRCF2OP,0,54,2.7222222222222223,6.794117647058823,4,yes,USA,Yes,Yes,875,{},7,6
ANTAJF0CKF25T,0,54,5,5.027777777777778,4,yes,USA,Yes,Yes,653,good survey,7,1
AO32GL5867YY7,0,54,2.6666666666666665,6.5588235294117645,4,yes,USA,Yes,Yes,1309,Red Forest,7,1
AOAMTLMPOJ7P7,0,54,3.9375,5.972222222222222,4,yes,USA,Yes,Yes,843,{},7,1
AOIR8V07FYMH5,0,54,2.125,5.611111111111111,4,yes,USA,Yes,Yes,1602,{},7,1
AOOLS8280CL0Z,0,54,1.75,6.888888888888889,4,yes,USA,Yes,Yes,1988,{},6,1
AOU4SVB679704,0.018518518518518517,54,7,6.942857142857143,4,yes,USA,Yes,Yes,2546,good,7,1
AOWW3URQNRJ6U,0,54,3.2222222222222223,6.382352941176471,4,yes,USA,Yes,Yes,2218,{},7,1
AQKASU6KLW1GZ,0,54,6.444444444444445,5.852941176470588,4,yes,USA,Yes,Yes,2940,excellent,7,1
AQL24433IP0QQ,0,54,1.5,3.911764705882353,4,yes,USA,Yes,Yes,1801,{},7,1
AQWH9UY6FVU21,0,54,1.75,5.166666666666667,4,yes,USA,Yes,Yes,2128,interesting,7,1
AQY8URN1JQDC2,0.018518518518518517,54,4.875,4.885714285714286,4,yes,USA,Yes,Yes,1084,good survey,7,1
ARG392N6HWZCJ,0,54,5.1875,4.527777777777778,4,yes,USA,Yes,Yes,472,Thank you!,7,1
ARI1EMAHUA9PO,0.018518518518518517,54,3.375,6.742857142857143,4,yes,USA,Yes,Yes,2309,{},7,1
ARWF605I7RWM7,0,54,3.6666666666666665,6.823529411764706,4,yes,USA,Yes,Yes,2340,No comments.,7,1
ARWN6TT8EWCFJ,0.037037037037037035,54,4.555555555555555,4.4375,4,yes,USA,Yes,Yes,1243,{},7,1
ASF5V3K4IFP4K,0,54,3.388888888888889,5.794117647058823,4.5,yes,USA,Yes,Yes,1415,{},7,1
ASGL06ZNUZCRT,0.037037037037037035,54,4.352941176470588,4.303030303030303,4,yes,USA,Yes,Yes,802,well,7,1
ATP2BJPDK4K2B,0,54,4.5625,6.305555555555555,4,yes,USA,Yes,Yes,2297,"Not sure where to put the code.

Red Forest",6,1
ATPXLUQECTOD2,0,54,5.0625,5.472222222222222,4,yes,USA,Yes,Yes,1560,useful study,7,1
AU2RMH9IZP60M,0,54,2.4444444444444446,5.588235294117647,4,yes,USA,Yes,Yes,2366,Thank you for having me.,7,2
AU34T9OMHN4Z4,0,54,1,4.361111111111111,4,yes,USA,Yes,Yes,528,{},7,1
AU849EHZNGV2Z,0,54,2.9375,6.194444444444445,4,yes,USA,Yes,Yes,1072,No problems.,7,1
AUCHGHY1IKZZK,0,54,5.4375,5.555555555555555,4,yes,USA,Yes,Yes,239,{},7,1
AUQ79MANVDU9B,0,54,4.0625,6.944444444444445,4,yes,USA,Yes,Yes,307,{},7,1
AVXEDARJC5HLU,0,54,2.625,6,4,yes,USA,Yes,Yes,3025,{},7,1
AW0MG225VXWCN,0,54,2.7777777777777777,5.5588235294117645,4,yes,USA,Yes,Yes,2074,{},7,1
AWE9A4ZOP9LNU,0,54,3.5625,6.277777777777778,4,yes,USA,Yes,Yes,2994,{},7,1
AXKTYKCT9NGHS,0,54,2.0555555555555554,6.176470588235294,4,yes,USA,Yes,Yes,1516,The pay for this HIT was super fair for the time it took. I really appreciate that. Thanks so much!,7,1
AXMPSUNKUBEIL,0,54,3.8125,6.777777777777778,4,yes,USA,Yes,Yes,881,Thank you!,7,1
AXPZAP62ZYWP8,0,54,3.1875,5.944444444444445,4,yes,USA,Yes,Yes,579,some of the sentences were hard to comprehend,7,1
AXQQBHFXMWR26,0,54,3.5,4.472222222222222,4,yes,USA,Yes,Yes,514,{},7,1
AY7WPVKHVNBLG,0,54,1.8888888888888888,6.117647058823529,4,yes,USA,Yes,Yes,1679,{},7,1
AYDILOZLKOAS8,0,54,3.5555555555555554,6.147058823529412,4,yes,USA,Yes,Yes,1432,{},7,1
AYJGQBBK6KXZ7,0,54,2.375,5.75,4,yes,USA,Yes,Yes,398,{},7,1
AYO9K8VF5A11I,0,54,2.75,6.472222222222222,4,yes,USA,Yes,Yes,1282,{},7,1
AZ5ZYUCAQ0XDL,0,54,4.125,6.944444444444445,4,yes,USA,Yes,Yes,309,{},7,1
AZZA3J049G7R5,0,54,3.3125,7,4,yes,USA,Yes,Yes,1247,{},7,1
