Answer.English,Answer.country,Answer.profcheck1,Answer.profcheck2,WorkerId,TrialNum,Answer.Rating,TrialType,Voice,Plausibility,Item,Input.trial
no,OTHER,Yes,Yes,A3V2XCDF45VN9X,1,1,AAR,active,plausible1,395,The swimmer impressed the surfer.
no,OTHER,Yes,Yes,A3V2XCDF45VN9X,2,6,AAR,active,plausible1,217,The entertainer awed the poet.
no,OTHER,Yes,Yes,A3V2XCDF45VN9X,3,7,AAR,active,plausible0,391,The sharecropper misled the fieldworker.
no,OTHER,Yes,Yes,A3V2XCDF45VN9X,4,4,AAR,active,plausible0,193,The drummer annoyed the weatherman.
no,OTHER,Yes,Yes,A3V2XCDF45VN9X,5,4,AAR,active,plausible0,215,The mapmaker affronted the farmer.
no,OTHER,Yes,Yes,A3V2XCDF45VN9X,6,7,AI,passive,plausible,315,The fund was established by the supremacist.
no,OTHER,Yes,Yes,A3V2XCDF45VN9X,7,1,AI,active,implausible,11,The alcohol provided the overseer.
no,OTHER,Yes,Yes,A3V2XCDF45VN9X,8,7,filler,filler,NA,2,Please select the rightmost option.
no,OTHER,Yes,Yes,A3V2XCDF45VN9X,9,7,AAR,passive,plausible1,205,The nobleman was married by the baroness.
no,OTHER,Yes,Yes,A3V2XCDF45VN9X,10,1,filler,filler,NA,1,Please select the leftmost option.
no,OTHER,Yes,Yes,A3V2XCDF45VN9X,11,1,AAR,active,plausible1,249,The gnome protected the wizard.
no,OTHER,Yes,Yes,A3V2XCDF45VN9X,12,6,AAR,passive,plausible0,403,The mathematician was nagged by the physicist.
no,OTHER,Yes,Yes,A3V2XCDF45VN9X,13,6,AAN,passive,plausible,327,The actress was cast by the producer.
no,OTHER,Yes,Yes,A3V2XCDF45VN9X,14,1,AAN,passive,implausible,347,The lion was chased by the tour-guide.
no,OTHER,Yes,Yes,A3V2XCDF45VN9X,15,1,AAN,passive,implausible,123,The artisan was trained by the apprentice.
no,OTHER,Yes,Yes,A3V2XCDF45VN9X,16,1,AAN,passive,implausible,363,The anthropologist was studied by the tribesman.
no,OTHER,Yes,Yes,A3V2XCDF45VN9X,17,1,AAR,passive,plausible0,233,The oracle was baffled by the missionary.
no,OTHER,Yes,Yes,A3V2XCDF45VN9X,18,7,AAN,passive,plausible,349,The chiropractor was thanked by the tennis player.
no,OTHER,Yes,Yes,A3V2XCDF45VN9X,19,7,AAN,passive,plausible,89,The boy was tutored by the nanny.
no,OTHER,Yes,Yes,A3V2XCDF45VN9X,20,1,AI,passive,implausible,45,The decorator were recommended by the curtains.
no,OTHER,Yes,Yes,A3V2XCDF45VN9X,21,7,AAR,active,plausible1,195,The defendant belittled the go-between.
no,OTHER,Yes,Yes,A3V2XCDF45VN9X,22,6,AAR,passive,plausible1,239,The shrink was commended by the dean.
no,OTHER,Yes,Yes,A3V2XCDF45VN9X,23,5,AAN,active,implausible,335,The seaman undercharged the streetwalker.
no,OTHER,Yes,Yes,A3V2XCDF45VN9X,24,6,AI,active,plausible,39,The nutritionist detested the marmalade.
no,OTHER,Yes,Yes,A3V2XCDF45VN9X,25,5,AAN,active,plausible,359,The president pardoned the traitor.
no,OTHER,Yes,Yes,A3V2XCDF45VN9X,26,7,AI,passive,plausible,51,The pill was taken by the convalescent.
no,OTHER,Yes,Yes,A3V2XCDF45VN9X,27,1,AAN,active,implausible,151,The infant pampered the father.
no,OTHER,Yes,Yes,A3V2XCDF45VN9X,28,1,AI,active,plausible,65,The sightseer misplaced the memento.
no,OTHER,Yes,Yes,A3V2XCDF45VN9X,29,7,AI,passive,plausible,75,The graph was created by the bookkeeper.
no,OTHER,Yes,Yes,A3V2XCDF45VN9X,30,6,AAN,active,plausible,159,The windbag taunted the recluse.
no,OTHER,Yes,Yes,A3V2XCDF45VN9X,31,7,AAR,passive,plausible0,271,The hunter was betrayed by the culprit.
no,OTHER,Yes,Yes,A3V2XCDF45VN9X,32,1,AAR,passive,plausible0,199,The stranger was pushed by the acrobat.
no,OTHER,Yes,Yes,A3V2XCDF45VN9X,33,7,AI,active,plausible,297,The fisherman emptied the trashcan.
no,OTHER,Yes,Yes,A3V2XCDF45VN9X,34,1,AI,active,implausible,61,The computer purchased the instructor.
no,OTHER,Yes,Yes,A3V2XCDF45VN9X,35,7,AAN,passive,plausible,129,The cousin was shocked by the genius.
no,OTHER,Yes,Yes,A3V2XCDF45VN9X,36,1,AAR,passive,plausible1,387,The baker was mentioned by the miller.
no,OTHER,Yes,Yes,A3V2XCDF45VN9X,37,1,AAN,passive,implausible,171,The terrorist was petrified by the first lady.
no,OTHER,Yes,Yes,A3V2XCDF45VN9X,38,7,AAN,passive,plausible,145,The kid was reprimanded by the headmaster.
no,OTHER,Yes,Yes,A3V2XCDF45VN9X,39,1,AI,passive,implausible,307,The travel-agent was photocopied by the passport.
no,OTHER,Yes,Yes,A3V2XCDF45VN9X,40,1,AI,passive,implausible,27,The soldier was raised by the banner.
no,OTHER,Yes,Yes,A3V2XCDF45VN9X,41,1,AAN,active,implausible,107,The youth revived the paramedic.
no,OTHER,Yes,Yes,A3V2XCDF45VN9X,42,1,AI,passive,implausible,67,The humorist was verified by the schedule.
no,OTHER,Yes,Yes,A3V2XCDF45VN9X,43,1,AI,active,implausible,291,The password memorized the hacker.
no,OTHER,Yes,Yes,A3V2XCDF45VN9X,44,1,AAN,active,implausible,131,The bureaucrat bribed the smuggler.
no,OTHER,Yes,Yes,A3V2XCDF45VN9X,45,7,AAR,active,plausible0,243,The interpreter swindled the messenger.
no,OTHER,Yes,Yes,A3V2XCDF45VN9X,46,7,AAN,active,plausible,139,The driver transported the ambassador.
no,OTHER,Yes,Yes,A3V2XCDF45VN9X,47,7,AI,active,plausible,17,The receptionist tidied the table.
no,OTHER,Yes,Yes,A3V2XCDF45VN9X,48,6,AAR,passive,plausible1,409,The bricklayer was outraged by the crane operator.
no,OTHER,Yes,Yes,A3V2XCDF45VN9X,49,7,AAN,active,plausible,337,The jury acquitted the economist.
no,OTHER,Yes,Yes,A3V2XCDF45VN9X,50,6,AAN,active,plausible,109,The prankster duped the marketer.
no,OTHER,Yes,Yes,A3V2XCDF45VN9X,51,1,AAN,active,implausible,355,The deer trapped the huntsman.
no,OTHER,Yes,Yes,A3V2XCDF45VN9X,52,7,AI,passive,plausible,289,The umbrella was forgotten by the couch-potato.
no,OTHER,Yes,Yes,A3V2XCDF45VN9X,53,1,AAN,passive,implausible,141,The warden was caught by the inmate.
no,OTHER,Yes,Yes,A3V2XCDF45VN9X,54,1,AI,active,implausible,323,The contract burned the charlatan.
yes,USA,No,Yes,A2OR46JV43TOJV,1,1,AAN,passive,plausible,177,The tobacconist was cautioned by the environmentalist.
yes,USA,No,Yes,A2OR46JV43TOJV,2,1,AAR,passive,plausible1,265,The postal worker was repulsed by the taxi-driver.
yes,USA,No,Yes,A2OR46JV43TOJV,3,7,AAN,passive,implausible,173,The judge was praised by the gold medalist.
yes,USA,No,Yes,A2OR46JV43TOJV,4,6,AAR,active,plausible0,185,The preacher hugged the churchgoer.
yes,USA,No,Yes,A2OR46JV43TOJV,5,6,AAN,active,plausible,163,The pyromaniac unnerved the shopkeeper.
yes,USA,No,Yes,A2OR46JV43TOJV,6,7,AAN,active,plausible,147,The baron chose the successor.
yes,USA,No,Yes,A2OR46JV43TOJV,7,7,AAR,active,plausible0,375,The photographer paid the barrister.
yes,USA,No,Yes,A2OR46JV43TOJV,8,7,filler,filler,NA,2,Please select the rightmost option.
yes,USA,No,Yes,A2OR46JV43TOJV,9,3,AAN,active,implausible,161,The inspector conned the impersonator.
yes,USA,No,Yes,A2OR46JV43TOJV,10,1,AI,passive,plausible,73,The paper was edited by the advisor.
yes,USA,No,Yes,A2OR46JV43TOJV,11,7,AAR,passive,plausible1,183,The commentator was vexed by the athlete.
yes,USA,No,Yes,A2OR46JV43TOJV,12,1,AAR,active,plausible1,379,The mode humiliated the fashionista.
yes,USA,No,Yes,A2OR46JV43TOJV,13,1,AAR,active,plausible0,399,The claims adjuster harassed the retailer.
yes,USA,No,Yes,A2OR46JV43TOJV,14,1,AAR,passive,plausible0,415,The foreman was devastated by the plumber.
yes,USA,No,Yes,A2OR46JV43TOJV,15,1,AAN,active,implausible,329,The spirit vanquished the exorcist.
yes,USA,No,Yes,A2OR46JV43TOJV,16,1,AAN,passive,implausible,361,The TV station head was promoted by the newsagent.
yes,USA,No,Yes,A2OR46JV43TOJV,17,1,AI,active,plausible,49,The domestic cleaned the wash basin.
yes,USA,No,Yes,A2OR46JV43TOJV,18,1,AAN,active,implausible,353,The ghost sensed the channeler.
yes,USA,No,Yes,A2OR46JV43TOJV,19,1,AAN,passive,implausible,153,The monarch was banished by the insurgent.
yes,USA,No,Yes,A2OR46JV43TOJV,20,1,AAR,passive,plausible0,383,The newcomer was snubbed by the neighbor.
yes,USA,No,Yes,A2OR46JV43TOJV,21,1,AI,passive,plausible,293,The rules were emphasized by the counselor.
yes,USA,No,Yes,A2OR46JV43TOJV,22,1,AI,passive,implausible,87,The celebrity was signed by the photograph.
yes,USA,No,Yes,A2OR46JV43TOJV,23,1,AI,passive,plausible,15,The faucet was repaired by the handyman.
yes,USA,No,Yes,A2OR46JV43TOJV,24,1,AAR,passive,plausible1,397,The infantryman was upset by the loyalist.
yes,USA,No,Yes,A2OR46JV43TOJV,25,1,AAN,active,implausible,125,The trainer defied the biker.
yes,USA,No,Yes,A2OR46JV43TOJV,26,1,AI,active,implausible,47,The trousers laundered the contractor.
yes,USA,No,Yes,A2OR46JV43TOJV,27,6,AI,active,implausible,59,The soda drank the man.
yes,USA,No,Yes,A2OR46JV43TOJV,28,7,AAR,passive,plausible0,263,The leader was quoted by the protestor.
yes,USA,No,Yes,A2OR46JV43TOJV,29,7,AAN,passive,plausible,155,The industrialist was burgled by the robber.
yes,USA,No,Yes,A2OR46JV43TOJV,30,7,AAN,passive,implausible,341,The colonel was supervised by the cadet.
yes,USA,No,Yes,A2OR46JV43TOJV,31,7,AAN,passive,plausible,105,The director was badgered by the admirer.
yes,USA,No,Yes,A2OR46JV43TOJV,32,1,AAR,active,plausible1,259,The vandal confronted the accuser.
yes,USA,No,Yes,A2OR46JV43TOJV,33,1,AAR,active,plausible1,197,The envoy entertained the valet.
yes,USA,No,Yes,A2OR46JV43TOJV,34,2,AI,passive,plausible,57,The steak was eaten by the carnivore.
yes,USA,No,Yes,A2OR46JV43TOJV,35,1,AAR,active,plausible0,237,The broker introduced the donor.
yes,USA,No,Yes,A2OR46JV43TOJV,36,7,AAN,passive,plausible,343,The Olympian was weighed by the personal trainer.
yes,USA,No,Yes,A2OR46JV43TOJV,37,1,AI,passive,implausible,285,The attendant was pressed by the button.
yes,USA,No,Yes,A2OR46JV43TOJV,38,1,AAR,passive,plausible0,207,The creditor was assuaged by the actuary.
yes,USA,No,Yes,A2OR46JV43TOJV,39,1,AI,passive,plausible,321,The pipe was smoked by the crackhead.
yes,USA,No,Yes,A2OR46JV43TOJV,40,7,AAN,active,plausible,331,The paparazzi stalked the pop star.
yes,USA,No,Yes,A2OR46JV43TOJV,41,1,AAR,passive,plausible1,221,The musician was admired by the diva.
yes,USA,No,Yes,A2OR46JV43TOJV,42,1,AI,active,implausible,81,The suitcase pulled the stewardess.
yes,USA,No,Yes,A2OR46JV43TOJV,43,2,AI,passive,implausible,31,The announcer was mispronounced by the word.
yes,USA,No,Yes,A2OR46JV43TOJV,44,7,AI,active,plausible,309,The minuteman loaded the gun.
yes,USA,No,Yes,A2OR46JV43TOJV,45,1,AI,passive,implausible,53,The hoarder was hidden by the stash.
yes,USA,No,Yes,A2OR46JV43TOJV,46,1,AAN,active,plausible,357,The bailiff released the ruffian.
yes,USA,No,Yes,A2OR46JV43TOJV,47,1,AI,active,implausible,301,The poem recited the bookworm.
yes,USA,No,Yes,A2OR46JV43TOJV,48,1,filler,filler,NA,1,Please select the leftmost option.
yes,USA,No,Yes,A2OR46JV43TOJV,49,6,AI,active,implausible,21,The octopus grilled the cook.
yes,USA,No,Yes,A2OR46JV43TOJV,50,1,AI,active,plausible,85,The sheriff inspected the estate.
yes,USA,No,Yes,A2OR46JV43TOJV,51,1,AI,active,plausible,63,The woman prepared the dinner.
yes,USA,No,Yes,A2OR46JV43TOJV,52,1,AI,active,plausible,23,The skipper guaranteed the victory.
yes,USA,No,Yes,A2OR46JV43TOJV,53,1,AAR,active,plausible1,407,The movie star favored the cinematographer.
yes,USA,No,Yes,A2OR46JV43TOJV,54,1,AI,passive,implausible,7,The adventurer was requested by the beverage.
yes,USA,Yes,Yes,A19WXS1CLVLEEX,1,7,AI,passive,plausible,47,The trousers were laundered by the contractor.
yes,USA,Yes,Yes,A19WXS1CLVLEEX,2,1,AI,active,implausible,85,The estate inspected the sheriff.
yes,USA,Yes,Yes,A19WXS1CLVLEEX,3,7,AAN,active,implausible,147,The successor chose the baron.
yes,USA,Yes,Yes,A19WXS1CLVLEEX,4,1,AI,passive,implausible,57,The carnivore was eaten by the steak.
yes,USA,Yes,Yes,A19WXS1CLVLEEX,5,7,AAN,active,plausible,173,The judge praised the gold medalist.
yes,USA,Yes,Yes,A19WXS1CLVLEEX,6,7,AAR,passive,plausible1,185,The preacher was hugged by the churchgoer.
yes,USA,Yes,Yes,A19WXS1CLVLEEX,7,7,AAN,active,plausible,153,The monarch banished the insurgent.
yes,USA,Yes,Yes,A19WXS1CLVLEEX,8,7,AI,active,plausible,53,The hoarder hid the stash.
yes,USA,Yes,Yes,A19WXS1CLVLEEX,9,1,AI,active,implausible,49,The wash basin cleaned the domestic.
yes,USA,Yes,Yes,A19WXS1CLVLEEX,10,6,AAR,passive,plausible1,237,The broker was introduced by the donor.
yes,USA,Yes,Yes,A19WXS1CLVLEEX,11,7,AI,passive,plausible,21,The octopus was grilled by the cook.
yes,USA,Yes,Yes,A19WXS1CLVLEEX,12,6,AAN,active,plausible,361,The TV station head promoted the newsagent.
yes,USA,Yes,Yes,A19WXS1CLVLEEX,13,7,AAN,active,plausible,341,The colonel supervised the cadet.
yes,USA,Yes,Yes,A19WXS1CLVLEEX,14,7,filler,filler,NA,2,Please select the rightmost option.
yes,USA,Yes,Yes,A19WXS1CLVLEEX,15,5,AAR,active,plausible0,197,The valet entertained the envoy.
yes,USA,Yes,Yes,A19WXS1CLVLEEX,16,5,AAN,passive,plausible,125,The trainer was defied by the biker.
yes,USA,Yes,Yes,A19WXS1CLVLEEX,17,5,AAR,passive,plausible0,265,The taxi-driver was repulsed by the postal worker.
yes,USA,Yes,Yes,A19WXS1CLVLEEX,18,7,AAR,active,plausible0,259,The accuser confronted the vandal.
yes,USA,Yes,Yes,A19WXS1CLVLEEX,19,5,AAR,passive,plausible1,375,The photographer was paid by the barrister.
yes,USA,Yes,Yes,A19WXS1CLVLEEX,20,7,AAN,passive,plausible,161,The inspector was conned by the impersonator.
yes,USA,Yes,Yes,A19WXS1CLVLEEX,21,1,AI,passive,implausible,15,The handyman was repaired by the faucet.
yes,USA,Yes,Yes,A19WXS1CLVLEEX,22,7,AAR,passive,plausible0,221,The diva was admired by the musician.
yes,USA,Yes,Yes,A19WXS1CLVLEEX,23,6,AAN,passive,plausible,353,The ghost was sensed by the channeler.
yes,USA,Yes,Yes,A19WXS1CLVLEEX,24,5,AAN,passive,implausible,105,The admirer was badgered by the director.
yes,USA,Yes,Yes,A19WXS1CLVLEEX,25,7,AI,passive,plausible,81,The suitcase was pulled by the stewardess.
yes,USA,Yes,Yes,A19WXS1CLVLEEX,26,7,AI,active,plausible,285,The attendant pressed the button.
yes,USA,Yes,Yes,A19WXS1CLVLEEX,27,5,AAN,active,implausible,163,The shopkeeper unnerved the pyromaniac.
yes,USA,Yes,Yes,A19WXS1CLVLEEX,28,1,AI,active,implausible,63,The dinner prepared the woman.
yes,USA,Yes,Yes,A19WXS1CLVLEEX,29,4,AI,passive,implausible,73,The advisor was edited by the paper.
yes,USA,Yes,Yes,A19WXS1CLVLEEX,30,4,AAN,passive,plausible,329,The spirit was vanquished by the exorcist.
yes,USA,Yes,Yes,A19WXS1CLVLEEX,31,7,AAR,active,plausible0,407,The cinematographer favored the movie star.
yes,USA,Yes,Yes,A19WXS1CLVLEEX,32,5,AAN,passive,implausible,343,The personal trainer was weighed by the Olympian.
yes,USA,Yes,Yes,A19WXS1CLVLEEX,33,6,AAR,active,plausible1,383,The newcomer snubbed the neighbor.
yes,USA,Yes,Yes,A19WXS1CLVLEEX,34,1,filler,filler,NA,1,Please select the leftmost option.
yes,USA,Yes,Yes,A19WXS1CLVLEEX,35,1,AI,active,implausible,23,The victory guaranteed the skipper.
yes,USA,Yes,Yes,A19WXS1CLVLEEX,36,2,AAR,active,plausible0,379,The fashionista humiliated the mode.
yes,USA,Yes,Yes,A19WXS1CLVLEEX,37,6,AAR,passive,plausible0,397,The loyalist was upset by the infantryman.
yes,USA,Yes,Yes,A19WXS1CLVLEEX,38,4,AAN,passive,implausible,155,The robber was burgled by the industrialist.
yes,USA,Yes,Yes,A19WXS1CLVLEEX,39,3,AAN,passive,implausible,177,The environmentalist was cautioned by the tobacconist.
yes,USA,Yes,Yes,A19WXS1CLVLEEX,40,5,AAN,active,implausible,357,The ruffian released the bailiff.
yes,USA,Yes,Yes,A19WXS1CLVLEEX,41,6,AAR,passive,plausible1,399,The claims adjuster was harassed by the retailer.
yes,USA,Yes,Yes,A19WXS1CLVLEEX,42,7,AI,active,plausible,7,The adventurer requested the beverage.
yes,USA,Yes,Yes,A19WXS1CLVLEEX,43,5,AAR,active,plausible1,207,The creditor assuaged the actuary.
yes,USA,Yes,Yes,A19WXS1CLVLEEX,44,7,AAR,passive,plausible0,183,The athlete was vexed by the commentator.
yes,USA,Yes,Yes,A19WXS1CLVLEEX,45,1,AI,passive,implausible,321,The crackhead was smoked by the pipe.
yes,USA,Yes,Yes,A19WXS1CLVLEEX,46,7,AI,passive,plausible,59,The soda was drunk by the man.
yes,USA,Yes,Yes,A19WXS1CLVLEEX,47,1,AI,active,implausible,309,The gun loaded the minuteman.
yes,USA,Yes,Yes,A19WXS1CLVLEEX,48,2,AI,passive,implausible,293,The counselor were emphasized by the rules.
yes,USA,Yes,Yes,A19WXS1CLVLEEX,49,7,AI,passive,plausible,301,The poem was recited by the bookworm.
yes,USA,Yes,Yes,A19WXS1CLVLEEX,50,7,AAR,active,plausible1,263,The leader quoted the protestor.
yes,USA,Yes,Yes,A19WXS1CLVLEEX,51,7,AI,active,plausible,87,The celebrity signed the photograph.
yes,USA,Yes,Yes,A19WXS1CLVLEEX,52,5,AAN,active,implausible,331,The pop star stalked the paparazzi.
yes,USA,Yes,Yes,A19WXS1CLVLEEX,53,7,AI,active,plausible,31,The announcer mispronounced the word.
yes,USA,Yes,Yes,A19WXS1CLVLEEX,54,4,AAR,active,plausible1,415,The foreman devastated the plumber.
yes,USA,Yes,Yes,A1XVEKS9O73ERE,1,7,AI,passive,plausible,291,The password was memorized by the hacker.
yes,USA,Yes,Yes,A1XVEKS9O73ERE,2,1,AI,active,implausible,65,The memento misplaced the sightseer.
yes,USA,Yes,Yes,A1XVEKS9O73ERE,3,7,AAN,active,plausible,171,The terrorist petrified the first lady.
yes,USA,Yes,Yes,A1XVEKS9O73ERE,4,7,AI,passive,plausible,323,The contract was burnt by the charlatan.
yes,USA,Yes,Yes,A1XVEKS9O73ERE,5,7,AI,active,plausible,45,The decorator recommended the curtains.
yes,USA,Yes,Yes,A1XVEKS9O73ERE,6,3,AAN,passive,implausible,89,The nanny was tutored by the boy.
yes,USA,Yes,Yes,A1XVEKS9O73ERE,7,3,AAN,passive,implausible,145,The headmaster was reprimanded by the kid.
yes,USA,Yes,Yes,A1XVEKS9O73ERE,8,2,AI,active,plausible,67,The humorist verified the schedule.
yes,USA,Yes,Yes,A1XVEKS9O73ERE,9,3,AI,passive,implausible,315,The supremacist was established by the fund.
yes,USA,Yes,Yes,A1XVEKS9O73ERE,10,7,filler,filler,NA,2,Please select the rightmost option.
yes,USA,Yes,Yes,A1XVEKS9O73ERE,11,1,filler,filler,NA,1,Please select the leftmost option.
yes,USA,Yes,Yes,A1XVEKS9O73ERE,12,1,AI,active,implausible,17,The table tidied the receptionist.
yes,USA,Yes,Yes,A1XVEKS9O73ERE,13,5,AAR,passive,plausible0,205,The baroness was married by the nobleman.
yes,USA,Yes,Yes,A1XVEKS9O73ERE,14,7,AI,active,plausible,27,The soldier raised the banner.
yes,USA,Yes,Yes,A1XVEKS9O73ERE,15,1,AI,passive,implausible,289,The couch-potato was forgotten by the umbrella.
yes,USA,Yes,Yes,A1XVEKS9O73ERE,16,7,AAN,passive,implausible,129,The genius was shocked by the cousin.
yes,USA,Yes,Yes,A1XVEKS9O73ERE,17,7,AAN,active,plausible,363,The anthropologist studied the tribesman.
yes,USA,Yes,Yes,A1XVEKS9O73ERE,18,1,AAN,active,implausible,337,The economist acquitted the jury.
yes,USA,Yes,Yes,A1XVEKS9O73ERE,19,7,AAN,passive,plausible,151,The infant was pampered by the father.
yes,USA,Yes,Yes,A1XVEKS9O73ERE,20,1,AI,passive,implausible,75,The bookkeeper was created by the graph.
yes,USA,Yes,Yes,A1XVEKS9O73ERE,21,5,AAR,passive,plausible1,243,The interpreter was swindled by the messenger.
yes,USA,Yes,Yes,A1XVEKS9O73ERE,22,5,AAR,active,plausible1,199,The stranger pushed the acrobat.
yes,USA,Yes,Yes,A1XVEKS9O73ERE,23,6,AAN,passive,plausible,335,The seaman was undercharged by the streetwalker.
yes,USA,Yes,Yes,A1XVEKS9O73ERE,24,6,AAR,passive,plausible0,239,The dean was commended by the shrink.
yes,USA,Yes,Yes,A1XVEKS9O73ERE,25,2,AAN,active,implausible,139,The ambassador transported the driver.
yes,USA,Yes,Yes,A1XVEKS9O73ERE,26,5,AAR,passive,plausible1,193,The drummer was annoyed by the weatherman.
yes,USA,Yes,Yes,A1XVEKS9O73ERE,27,7,AAN,active,plausible,141,The warden caught the inmate.
yes,USA,Yes,Yes,A1XVEKS9O73ERE,28,7,AAN,active,plausible,347,The lion chased the tour-guide.
yes,USA,Yes,Yes,A1XVEKS9O73ERE,29,5,AAR,active,plausible0,217,The poet awed the entertainer.
yes,USA,Yes,Yes,A1XVEKS9O73ERE,30,1,AAN,passive,implausible,327,The producer was cast by the actress.
yes,USA,Yes,Yes,A1XVEKS9O73ERE,31,7,AAR,active,plausible0,249,The wizard protected the gnome.
yes,USA,Yes,Yes,A1XVEKS9O73ERE,32,6,AAR,active,plausible0,395,The surfer impressed the swimmer.
yes,USA,Yes,Yes,A1XVEKS9O73ERE,33,1,AI,active,implausible,39,The marmalade detested the nutritionist.
yes,USA,Yes,Yes,A1XVEKS9O73ERE,34,6,AAN,active,plausible,123,The artisan trained the apprentice.
yes,USA,Yes,Yes,A1XVEKS9O73ERE,35,1,AAN,active,implausible,359,The traitor pardoned the president.
yes,USA,Yes,Yes,A1XVEKS9O73ERE,36,7,AI,active,plausible,307,The travel-agent photocopied the passport.
yes,USA,Yes,Yes,A1XVEKS9O73ERE,37,6,AAR,active,plausible1,233,The oracle baffled the missionary.
yes,USA,Yes,Yes,A1XVEKS9O73ERE,38,5,AI,passive,plausible,11,The alcohol was provided by the overseer.
yes,USA,Yes,Yes,A1XVEKS9O73ERE,39,7,AI,passive,plausible,61,The computer was purchased by the instructor.
yes,USA,Yes,Yes,A1XVEKS9O73ERE,40,6,AAR,passive,plausible0,387,The miller was mentioned by the baker.
yes,USA,Yes,Yes,A1XVEKS9O73ERE,41,7,AAN,passive,implausible,349,The tennis player was thanked by the chiropractor.
yes,USA,Yes,Yes,A1XVEKS9O73ERE,42,6,AAN,active,implausible,109,The marketer duped the prankster.
yes,USA,Yes,Yes,A1XVEKS9O73ERE,43,6,AAR,active,plausible1,403,The mathematician nagged the physicist.
yes,USA,Yes,Yes,A1XVEKS9O73ERE,44,6,AAR,active,plausible0,195,The go-between belittled the defendant.
yes,USA,Yes,Yes,A1XVEKS9O73ERE,45,6,AAR,active,plausible1,271,The hunter betrayed the culprit.
yes,USA,Yes,Yes,A1XVEKS9O73ERE,46,5,AAN,active,implausible,159,The recluse taunted the windbag.
yes,USA,Yes,Yes,A1XVEKS9O73ERE,47,1,AI,active,implausible,297,The trashcan emptied the fisherman.
yes,USA,Yes,Yes,A1XVEKS9O73ERE,48,6,AAR,passive,plausible0,409,The crane operator was outraged by the bricklayer.
yes,USA,Yes,Yes,A1XVEKS9O73ERE,49,7,AAN,passive,plausible,355,The deer was trapped by the huntsman.
yes,USA,Yes,Yes,A1XVEKS9O73ERE,50,6,AAN,passive,plausible,131,The bureaucrat was bribed by the smuggler.
yes,USA,Yes,Yes,A1XVEKS9O73ERE,51,1,AI,passive,implausible,51,The convalescent was taken by the pill.
yes,USA,Yes,Yes,A1XVEKS9O73ERE,52,5,AAR,passive,plausible1,215,The mapmaker was affronted by the farmer.
yes,USA,Yes,Yes,A1XVEKS9O73ERE,53,7,AAN,passive,plausible,107,The youth was revived by the paramedic.
yes,USA,Yes,Yes,A1XVEKS9O73ERE,54,7,AAR,passive,plausible1,391,The sharecropper was misled by the fieldworker.
yes,USA,Yes,Yes,A1YH2I4Y2SYAXJ,1,7,AAR,passive,plausible0,197,The envoy was entertained by the valet.
yes,USA,Yes,Yes,A1YH2I4Y2SYAXJ,2,7,AAR,passive,plausible1,383,The neighbor was snubbed by the newcomer.
yes,USA,Yes,Yes,A1YH2I4Y2SYAXJ,3,7,AAR,active,plausible0,183,The commentator vexed the athlete.
yes,USA,Yes,Yes,A1YH2I4Y2SYAXJ,4,7,AAR,passive,plausible1,263,The protestor was quoted by the leader.
yes,USA,Yes,Yes,A1YH2I4Y2SYAXJ,5,7,AAR,active,plausible1,375,The barrister paid the photographer.
yes,USA,Yes,Yes,A1YH2I4Y2SYAXJ,6,1,AAR,passive,plausible0,379,The mode was humiliated by the fashionista.
yes,USA,Yes,Yes,A1YH2I4Y2SYAXJ,7,7,AAR,active,plausible1,399,The retailer harassed the claims adjuster.
yes,USA,Yes,Yes,A1YH2I4Y2SYAXJ,8,7,AAR,active,plausible0,265,The postal worker repulsed the taxi-driver.
yes,USA,Yes,Yes,A1YH2I4Y2SYAXJ,9,5,AAR,passive,plausible1,207,The actuary was assuaged by the creditor.
yes,USA,Yes,Yes,A1YH2I4Y2SYAXJ,10,7,filler,filler,NA,2,Please select the rightmost option.
yes,USA,Yes,Yes,A1YH2I4Y2SYAXJ,11,1,filler,filler,NA,1,Please select the leftmost option.
yes,USA,Yes,Yes,A1YH2I4Y2SYAXJ,12,7,AI,passive,plausible,285,The button was pressed by the attendant.
yes,USA,Yes,Yes,A1YH2I4Y2SYAXJ,13,1,AI,passive,implausible,63,The woman was prepared by the dinner.
yes,USA,Yes,Yes,A1YH2I4Y2SYAXJ,14,2,AAN,passive,implausible,357,The bailiff was released by the ruffian.
yes,USA,Yes,Yes,A1YH2I4Y2SYAXJ,15,7,AI,passive,plausible,31,The word was mispronounced by the announcer.
yes,USA,Yes,Yes,A1YH2I4Y2SYAXJ,16,7,AAR,passive,plausible0,407,The movie star was favored by the cinematographer.
yes,USA,Yes,Yes,A1YH2I4Y2SYAXJ,17,1,AI,passive,implausible,309,The minuteman was loaded by the gun.
yes,USA,Yes,Yes,A1YH2I4Y2SYAXJ,18,7,AAR,active,plausible0,397,The infantryman upset the loyalist.
yes,USA,Yes,Yes,A1YH2I4Y2SYAXJ,19,7,AAN,passive,plausible,341,The cadet was supervised by the colonel.
yes,USA,Yes,Yes,A1YH2I4Y2SYAXJ,20,7,AAN,passive,plausible,173,The gold medalist was praised by the judge.
yes,USA,Yes,Yes,A1YH2I4Y2SYAXJ,21,7,AAN,active,plausible,353,The channeler sensed the ghost.
yes,USA,Yes,Yes,A1YH2I4Y2SYAXJ,22,1,AI,active,implausible,57,The steak ate the carnivore.
yes,USA,Yes,Yes,A1YH2I4Y2SYAXJ,23,7,AAN,passive,plausible,153,The insurgent was banished by the monarch.
yes,USA,Yes,Yes,A1YH2I4Y2SYAXJ,24,7,AAN,active,plausible,125,The biker defied the trainer.
yes,USA,Yes,Yes,A1YH2I4Y2SYAXJ,25,1,AI,active,implausible,15,The faucet repaired the handyman.
yes,USA,Yes,Yes,A1YH2I4Y2SYAXJ,26,7,AAN,passive,plausible,361,The newsagent was promoted by the TV station head.
yes,USA,Yes,Yes,A1YH2I4Y2SYAXJ,27,6,AAR,active,plausible1,237,The donor introduced the broker.
yes,USA,Yes,Yes,A1YH2I4Y2SYAXJ,28,7,AAR,active,plausible1,185,The churchgoer hugged the preacher.
yes,USA,Yes,Yes,A1YH2I4Y2SYAXJ,29,7,AAN,active,plausible,161,The impersonator conned the inspector.
yes,USA,Yes,Yes,A1YH2I4Y2SYAXJ,30,1,AI,active,implausible,293,The rules emphasized the counselor.
yes,USA,Yes,Yes,A1YH2I4Y2SYAXJ,31,6,AAN,passive,implausible,147,The baron was chosen by the successor.
yes,USA,Yes,Yes,A1YH2I4Y2SYAXJ,32,1,AI,active,implausible,73,The paper edited the advisor.
yes,USA,Yes,Yes,A1YH2I4Y2SYAXJ,33,1,AI,passive,implausible,49,The domestic was cleaned by the wash basin.
yes,USA,Yes,Yes,A1YH2I4Y2SYAXJ,34,7,AAN,passive,implausible,163,The pyromaniac was unnerved by the shopkeeper.
yes,USA,Yes,Yes,A1YH2I4Y2SYAXJ,35,7,AI,passive,plausible,7,The beverage was requested by the adventurer.
yes,USA,Yes,Yes,A1YH2I4Y2SYAXJ,36,7,AI,active,plausible,59,The man drank the soda.
yes,USA,Yes,Yes,A1YH2I4Y2SYAXJ,37,7,AAN,active,implausible,177,The tobacconist cautioned the environmentalist.
yes,USA,Yes,Yes,A1YH2I4Y2SYAXJ,38,7,AAR,passive,plausible0,259,The vandal was confronted by the accuser.
yes,USA,Yes,Yes,A1YH2I4Y2SYAXJ,39,7,AAR,passive,plausible1,415,The plumber was devastated by the foreman.
yes,USA,Yes,Yes,A1YH2I4Y2SYAXJ,40,7,AAR,active,plausible0,221,The musician admired the diva.
yes,USA,Yes,Yes,A1YH2I4Y2SYAXJ,41,5,AI,active,plausible,47,The contractor laundered the trousers.
yes,USA,Yes,Yes,A1YH2I4Y2SYAXJ,42,7,AI,active,plausible,301,The bookworm recited the poem.
yes,USA,Yes,Yes,A1YH2I4Y2SYAXJ,43,7,AAN,active,plausible,329,The exorcist vanquished the spirit.
yes,USA,Yes,Yes,A1YH2I4Y2SYAXJ,44,NA,AAN,active,implausible,105,The director badgered the admirer.
yes,USA,Yes,Yes,A1YH2I4Y2SYAXJ,45,1,AI,passive,implausible,23,The skipper was guaranteed by the victory.
yes,USA,Yes,Yes,A1YH2I4Y2SYAXJ,46,2,AAN,active,implausible,155,The industrialist burgled the robber.
yes,USA,Yes,Yes,A1YH2I4Y2SYAXJ,47,7,AI,passive,plausible,53,The stash was hidden by the hoarder.
yes,USA,Yes,Yes,A1YH2I4Y2SYAXJ,48,1,AI,passive,implausible,85,The sheriff was inspected by the estate.
yes,USA,Yes,Yes,A1YH2I4Y2SYAXJ,49,2,AAN,passive,implausible,331,The paparazzi was stalked by the pop star.
yes,USA,Yes,Yes,A1YH2I4Y2SYAXJ,50,4,AAN,active,implausible,343,The Olympian weighed the personal trainer.
yes,USA,Yes,Yes,A1YH2I4Y2SYAXJ,51,7,AI,active,plausible,21,The cook grilled the octopus.
yes,USA,Yes,Yes,A1YH2I4Y2SYAXJ,52,1,AI,active,implausible,321,The pipe smoked the crackhead.
yes,USA,Yes,Yes,A1YH2I4Y2SYAXJ,53,7,AI,passive,plausible,87,The photograph was signed by the celebrity.
yes,USA,Yes,Yes,A1YH2I4Y2SYAXJ,54,7,AI,active,plausible,81,The stewardess pulled the suitcase.
yes,USA,Yes,Yes,A270HX8LH9LJ8W,1,5,AAN,passive,plausible,163,The shopkeeper was unnerved by the pyromaniac.
yes,USA,Yes,Yes,A270HX8LH9LJ8W,2,1,AAN,passive,implausible,353,The channeler was sensed by the ghost.
yes,USA,Yes,Yes,A270HX8LH9LJ8W,3,2,AI,passive,implausible,81,The stewardess was pulled by the suitcase.
yes,USA,Yes,Yes,A270HX8LH9LJ8W,4,7,AI,active,plausible,73,The advisor edited the paper.
yes,USA,Yes,Yes,A270HX8LH9LJ8W,5,4,AAN,active,implausible,153,The insurgent banished the monarch.
yes,USA,Yes,Yes,A270HX8LH9LJ8W,6,1,AI,passive,implausible,59,The man was drunk by the soda.
yes,USA,Yes,Yes,A270HX8LH9LJ8W,7,6,AAR,passive,plausible1,259,The accuser was confronted by the vandal.
yes,USA,Yes,Yes,A270HX8LH9LJ8W,8,6,AAR,passive,plausible0,375,The barrister was paid by the photographer.
yes,USA,Yes,Yes,A270HX8LH9LJ8W,9,7,AAN,active,implausible,173,The gold medalist praised the judge.
yes,USA,Yes,Yes,A270HX8LH9LJ8W,10,7,AAR,passive,plausible0,237,The donor was introduced by the broker.
yes,USA,Yes,Yes,A270HX8LH9LJ8W,11,1,filler,filler,NA,1,Please select the leftmost option.
yes,USA,Yes,Yes,A270HX8LH9LJ8W,12,7,AAN,active,plausible,105,The admirer badgered the director.
yes,USA,Yes,Yes,A270HX8LH9LJ8W,13,7,AI,active,plausible,321,The crackhead smoked the pipe.
yes,USA,Yes,Yes,A270HX8LH9LJ8W,14,6,AAR,passive,plausible1,197,The valet was entertained by the envoy.
yes,USA,Yes,Yes,A270HX8LH9LJ8W,15,1,AI,passive,implausible,47,The contractor were laundered by the trousers.
yes,USA,Yes,Yes,A270HX8LH9LJ8W,16,7,filler,filler,NA,2,Please select the rightmost option.
yes,USA,Yes,Yes,A270HX8LH9LJ8W,17,7,AAN,active,implausible,361,The newsagent promoted the TV station head.
yes,USA,Yes,Yes,A270HX8LH9LJ8W,18,7,AAN,active,plausible,155,The robber burgled the industrialist.
yes,USA,Yes,Yes,A270HX8LH9LJ8W,19,7,AAR,active,plausible1,221,The diva admired the musician.
yes,USA,Yes,Yes,A270HX8LH9LJ8W,20,1,AI,passive,implausible,21,The cook was grilled by the octopus.
yes,USA,Yes,Yes,A270HX8LH9LJ8W,21,1,AI,active,implausible,7,The beverage requested the adventurer.
yes,USA,Yes,Yes,A270HX8LH9LJ8W,22,2,AAN,passive,implausible,329,The exorcist was vanquished by the spirit.
yes,USA,Yes,Yes,A270HX8LH9LJ8W,23,7,AI,passive,plausible,309,The gun was loaded by the minuteman.
yes,USA,Yes,Yes,A270HX8LH9LJ8W,24,1,AI,active,implausible,53,The stash hid the hoarder.
yes,USA,Yes,Yes,A270HX8LH9LJ8W,25,1,AI,active,implausible,31,The word mispronounced the announcer.
yes,USA,Yes,Yes,A270HX8LH9LJ8W,26,3,AAR,passive,plausible1,379,The fashionista was humiliated by the mode.
yes,USA,Yes,Yes,A270HX8LH9LJ8W,27,1,AI,passive,implausible,301,The bookworm was recited by the poem.
yes,USA,Yes,Yes,A270HX8LH9LJ8W,28,7,AI,passive,plausible,23,The victory was guaranteed by the skipper.
yes,USA,Yes,Yes,A270HX8LH9LJ8W,29,7,AI,active,plausible,57,The carnivore ate the steak.
yes,USA,Yes,Yes,A270HX8LH9LJ8W,30,7,AI,passive,plausible,49,The wash basin was cleaned by the domestic.
yes,USA,Yes,Yes,A270HX8LH9LJ8W,31,7,AAR,active,plausible0,207,The actuary assuaged the creditor.
yes,USA,Yes,Yes,A270HX8LH9LJ8W,32,7,AAR,active,plausible1,183,The athlete vexed the commentator.
yes,USA,Yes,Yes,A270HX8LH9LJ8W,33,5,AAR,active,plausible0,415,The plumber devastated the foreman.
yes,USA,Yes,Yes,A270HX8LH9LJ8W,34,7,AAN,passive,plausible,331,The pop star was stalked by the paparazzi.
yes,USA,Yes,Yes,A270HX8LH9LJ8W,35,7,AAR,passive,plausible1,407,The cinematographer was favored by the movie star.
yes,USA,Yes,Yes,A270HX8LH9LJ8W,36,7,AAR,active,plausible0,383,The neighbor snubbed the newcomer.
yes,USA,Yes,Yes,A270HX8LH9LJ8W,37,6,AAN,active,implausible,341,The cadet supervised the colonel.
yes,USA,Yes,Yes,A270HX8LH9LJ8W,38,7,AAR,active,plausible0,263,The protestor quoted the leader.
yes,USA,Yes,Yes,A270HX8LH9LJ8W,39,6,AAR,active,plausible1,265,The taxi-driver repulsed the postal worker.
yes,USA,Yes,Yes,A270HX8LH9LJ8W,40,7,AAN,active,plausible,343,The personal trainer weighed the Olympian.
yes,USA,Yes,Yes,A270HX8LH9LJ8W,41,7,AAN,passive,plausible,147,The successor was chosen by the baron.
yes,USA,Yes,Yes,A270HX8LH9LJ8W,42,7,AI,passive,plausible,85,The estate was inspected by the sheriff.
yes,USA,Yes,Yes,A270HX8LH9LJ8W,43,6,AAN,passive,implausible,161,The impersonator was conned by the inspector.
yes,USA,Yes,Yes,A270HX8LH9LJ8W,44,7,AI,active,plausible,293,The counselor emphasized the rules.
yes,USA,Yes,Yes,A270HX8LH9LJ8W,45,7,AAN,passive,implausible,125,The biker was defied by the trainer.
yes,USA,Yes,Yes,A270HX8LH9LJ8W,46,7,AAR,passive,plausible0,399,The retailer was harassed by the claims adjuster.
yes,USA,Yes,Yes,A270HX8LH9LJ8W,47,7,AI,active,plausible,15,The handyman repaired the faucet.
yes,USA,Yes,Yes,A270HX8LH9LJ8W,48,1,AI,active,implausible,87,The photograph signed the celebrity.
yes,USA,Yes,Yes,A270HX8LH9LJ8W,49,1,AI,active,implausible,285,The button pressed the attendant.
yes,USA,Yes,Yes,A270HX8LH9LJ8W,50,7,AAR,passive,plausible0,185,The churchgoer was hugged by the preacher.
yes,USA,Yes,Yes,A270HX8LH9LJ8W,51,7,AI,passive,plausible,63,The dinner was prepared by the woman.
yes,USA,Yes,Yes,A270HX8LH9LJ8W,52,7,AAR,active,plausible1,397,The loyalist upset the infantryman.
yes,USA,Yes,Yes,A270HX8LH9LJ8W,53,7,AAN,passive,plausible,357,The ruffian was released by the bailiff.
yes,USA,Yes,Yes,A270HX8LH9LJ8W,54,6,AAN,active,plausible,177,The environmentalist cautioned the tobacconist.
yes,USA,Yes,Yes,A3R5OJR60C6004,1,7,AI,passive,plausible,45,The curtains were recommended by the decorator.
yes,USA,Yes,Yes,A3R5OJR60C6004,2,1,AI,active,implausible,75,The graph created the bookkeeper.
yes,USA,Yes,Yes,A3R5OJR60C6004,3,5,AAN,active,implausible,327,The actress cast the producer.
yes,USA,Yes,Yes,A3R5OJR60C6004,4,2,AI,passive,implausible,65,The sightseer was misplaced by the memento.
yes,USA,Yes,Yes,A3R5OJR60C6004,5,1,AI,active,implausible,289,The umbrella forgot the couch-potato.
yes,USA,Yes,Yes,A3R5OJR60C6004,6,7,AI,active,plausible,61,The instructor purchased the computer.
yes,USA,Yes,Yes,A3R5OJR60C6004,7,7,AAN,active,plausible,335,The streetwalker undercharged the seaman.
yes,USA,Yes,Yes,A3R5OJR60C6004,8,7,AAN,active,plausible,151,The father pampered the infant.
yes,USA,Yes,Yes,A3R5OJR60C6004,9,4,AAN,active,implausible,145,The kid reprimanded the headmaster.
yes,USA,Yes,Yes,A3R5OJR60C6004,10,7,AI,active,plausible,291,The hacker memorized the password.
yes,USA,Yes,Yes,A3R5OJR60C6004,11,1,AI,passive,implausible,297,The fisherman was emptied by the trashcan.
yes,USA,Yes,Yes,A3R5OJR60C6004,12,7,AAN,passive,plausible,363,The tribesman was studied by the anthropologist.
yes,USA,Yes,Yes,A3R5OJR60C6004,13,7,AAN,passive,plausible,123,The apprentice was trained by the artisan.
yes,USA,Yes,Yes,A3R5OJR60C6004,14,7,AI,passive,plausible,27,The banner was raised by the soldier.
yes,USA,Yes,Yes,A3R5OJR60C6004,15,1,AAN,passive,implausible,359,The president was pardoned by the traitor.
yes,USA,Yes,Yes,A3R5OJR60C6004,16,5,AI,active,plausible,11,The overseer provided the alcohol.
yes,USA,Yes,Yes,A3R5OJR60C6004,17,1,filler,filler,NA,1,Please select the leftmost option.
yes,USA,Yes,Yes,A3R5OJR60C6004,18,1,AAN,passive,implausible,337,The jury was acquitted by the economist.
yes,USA,Yes,Yes,A3R5OJR60C6004,19,7,AI,passive,plausible,67,The schedule was verified by the humorist.
yes,USA,Yes,Yes,A3R5OJR60C6004,20,7,AAR,active,plausible0,387,The baker mentioned the miller.
yes,USA,Yes,Yes,A3R5OJR60C6004,21,1,AI,active,implausible,51,The pill took the convalescent.
yes,USA,Yes,Yes,A3R5OJR60C6004,22,4,AAN,active,implausible,89,The boy tutored the nanny.
yes,USA,Yes,Yes,A3R5OJR60C6004,23,7,AAN,active,plausible,131,The smuggler bribed the bureaucrat.
yes,USA,Yes,Yes,A3R5OJR60C6004,24,7,AAR,active,plausible1,193,The weatherman annoyed the drummer.
yes,USA,Yes,Yes,A3R5OJR60C6004,25,7,AAR,passive,plausible1,403,The physicist was nagged by the mathematician.
yes,USA,Yes,Yes,A3R5OJR60C6004,26,7,AAN,active,plausible,107,The paramedic revived the youth.
yes,USA,Yes,Yes,A3R5OJR60C6004,27,1,AI,active,implausible,315,The fund established the supremacist.
yes,USA,Yes,Yes,A3R5OJR60C6004,28,7,AAR,passive,plausible0,395,The swimmer was impressed by the surfer.
yes,USA,Yes,Yes,A3R5OJR60C6004,29,7,AI,active,plausible,323,The charlatan burned the contract.
yes,USA,Yes,Yes,A3R5OJR60C6004,30,7,AAN,passive,implausible,159,The windbag was taunted by the recluse.
yes,USA,Yes,Yes,A3R5OJR60C6004,31,6,AAR,passive,plausible1,271,The culprit was betrayed by the hunter.
yes,USA,Yes,Yes,A3R5OJR60C6004,32,7,filler,filler,NA,2,Please select the rightmost option.
yes,USA,Yes,Yes,A3R5OJR60C6004,33,7,AAN,active,implausible,349,The chiropractor thanked the tennis player.
yes,USA,Yes,Yes,A3R5OJR60C6004,34,7,AAR,passive,plausible1,233,The missionary was baffled by the oracle.
yes,USA,Yes,Yes,A3R5OJR60C6004,35,7,AAN,passive,plausible,141,The inmate was caught by the warden.
yes,USA,Yes,Yes,A3R5OJR60C6004,36,6,AAR,active,plausible1,215,The farmer affronted the mapmaker.
yes,USA,Yes,Yes,A3R5OJR60C6004,37,1,AI,passive,implausible,17,The receptionist was tidied by the table.
yes,USA,Yes,Yes,A3R5OJR60C6004,38,7,AAR,passive,plausible1,199,The acrobat was pushed by the stranger.
yes,USA,Yes,Yes,A3R5OJR60C6004,39,7,AAR,passive,plausible0,249,The gnome was protected by the wizard.
yes,USA,Yes,Yes,A3R5OJR60C6004,40,7,AAR,passive,plausible0,217,The entertainer was awed by the poet.
yes,USA,Yes,Yes,A3R5OJR60C6004,41,6,AAR,active,plausible1,391,The fieldworker misled the sharecropper.
yes,USA,Yes,Yes,A3R5OJR60C6004,42,4,AAN,passive,implausible,139,The driver was transported by the ambassador.
yes,USA,Yes,Yes,A3R5OJR60C6004,43,3,AAN,passive,plausible,347,The tour-guide was chased by the lion.
yes,USA,Yes,Yes,A3R5OJR60C6004,44,7,AI,passive,plausible,307,The passport was photocopied by the travel-agent.
yes,USA,Yes,Yes,A3R5OJR60C6004,45,4,AAN,active,implausible,129,The cousin shocked the genius.
yes,USA,Yes,Yes,A3R5OJR60C6004,46,7,AAR,active,plausible1,243,The messenger swindled the interpreter.
yes,USA,Yes,Yes,A3R5OJR60C6004,47,7,AAN,passive,implausible,109,The prankster was duped by the marketer.
yes,USA,Yes,Yes,A3R5OJR60C6004,48,6,AAR,passive,plausible0,195,The defendant was belittled by the go-between.
yes,USA,Yes,Yes,A3R5OJR60C6004,49,7,AAR,active,plausible0,205,The nobleman married the baroness.
yes,USA,Yes,Yes,A3R5OJR60C6004,50,7,AAR,active,plausible0,409,The bricklayer outraged the crane operator.
yes,USA,Yes,Yes,A3R5OJR60C6004,51,5,AAR,active,plausible0,239,The shrink commended the dean.
yes,USA,Yes,Yes,A3R5OJR60C6004,52,1,AI,passive,implausible,39,The nutritionist was detested by the marmalade.
yes,USA,Yes,Yes,A3R5OJR60C6004,53,6,AAN,active,plausible,355,The huntsman trapped the deer.
yes,USA,Yes,Yes,A3R5OJR60C6004,54,7,AAN,passive,plausible,171,The first lady was petrified by the terrorist.
yes,USA,Yes,Yes,AU2RMH9IZP60M,1,2,AI,active,plausible,289,The couch-potato forgot the umbrella.
yes,USA,Yes,Yes,AU2RMH9IZP60M,2,1,AI,active,implausible,27,The banner raised the soldier.
yes,USA,Yes,Yes,AU2RMH9IZP60M,3,1,AI,passive,implausible,61,The instructor was purchased by the computer.
yes,USA,Yes,Yes,AU2RMH9IZP60M,4,7,AI,passive,plausible,297,The trashcan was emptied by the fisherman.
yes,USA,Yes,Yes,AU2RMH9IZP60M,5,3,AI,passive,implausible,323,The charlatan was burnt by the contract.
yes,USA,Yes,Yes,AU2RMH9IZP60M,6,7,AI,passive,plausible,39,The marmalade was detested by the nutritionist.
yes,USA,Yes,Yes,AU2RMH9IZP60M,7,7,AI,active,plausible,75,The bookkeeper created the graph.
yes,USA,Yes,Yes,AU2RMH9IZP60M,8,5,AAN,passive,implausible,355,The huntsman was trapped by the deer.
yes,USA,Yes,Yes,AU2RMH9IZP60M,9,1,filler,filler,NA,1,Please select the leftmost option.
yes,USA,Yes,Yes,AU2RMH9IZP60M,10,7,AAN,active,plausible,327,The producer cast the actress.
yes,USA,Yes,Yes,AU2RMH9IZP60M,11,7,AI,active,plausible,51,The convalescent took the pill.
yes,USA,Yes,Yes,AU2RMH9IZP60M,12,7,filler,filler,NA,2,Please select the rightmost option.
yes,USA,Yes,Yes,AU2RMH9IZP60M,13,5,AAN,active,implausible,347,The tour-guide chased the lion.
yes,USA,Yes,Yes,AU2RMH9IZP60M,14,6,AAR,active,plausible0,403,The physicist nagged the mathematician.
yes,USA,Yes,Yes,AU2RMH9IZP60M,15,7,AAR,passive,plausible1,249,The wizard was protected by the gnome.
yes,USA,Yes,Yes,AU2RMH9IZP60M,16,5,AAR,passive,plausible0,193,The weatherman was annoyed by the drummer.
yes,USA,Yes,Yes,AU2RMH9IZP60M,17,7,AAR,passive,plausible0,243,The messenger was swindled by the interpreter.
yes,USA,Yes,Yes,AU2RMH9IZP60M,18,1,AI,passive,implausible,11,The overseer was provided by the alcohol.
yes,USA,Yes,Yes,AU2RMH9IZP60M,19,7,AAN,active,plausible,145,The headmaster reprimanded the kid.
yes,USA,Yes,Yes,AU2RMH9IZP60M,20,6,AI,active,implausible,67,The schedule verified the humorist.
yes,USA,Yes,Yes,AU2RMH9IZP60M,21,2,AAN,passive,implausible,107,The paramedic was revived by the youth.
yes,USA,Yes,Yes,AU2RMH9IZP60M,22,3,AAN,active,implausible,171,The first lady petrified the terrorist.
yes,USA,Yes,Yes,AU2RMH9IZP60M,23,1,AAN,passive,implausible,151,The father was pampered by the infant.
yes,USA,Yes,Yes,AU2RMH9IZP60M,24,7,AI,passive,plausible,17,The table was tidied by the receptionist.
yes,USA,Yes,Yes,AU2RMH9IZP60M,25,6,AAR,passive,plausible0,391,The fieldworker was misled by the sharecropper.
yes,USA,Yes,Yes,AU2RMH9IZP60M,26,6,AAR,passive,plausible1,217,The poet was awed by the entertainer.
yes,USA,Yes,Yes,AU2RMH9IZP60M,27,2,AAR,passive,plausible1,195,The go-between was belittled by the defendant.
yes,USA,Yes,Yes,AU2RMH9IZP60M,28,5,AAR,passive,plausible0,215,The farmer was affronted by the mapmaker.
yes,USA,Yes,Yes,AU2RMH9IZP60M,29,5,AAR,active,plausible1,409,The crane operator outraged the bricklayer.
yes,USA,Yes,Yes,AU2RMH9IZP60M,30,2,AAR,active,plausible0,233,The missionary baffled the oracle.
yes,USA,Yes,Yes,AU2RMH9IZP60M,31,2,AAN,active,implausible,141,The inmate caught the warden.
yes,USA,Yes,Yes,AU2RMH9IZP60M,32,1,AI,active,implausible,307,The passport photocopied the travel-agent.
yes,USA,Yes,Yes,AU2RMH9IZP60M,33,7,AAN,active,plausible,349,The tennis player thanked the chiropractor.
yes,USA,Yes,Yes,AU2RMH9IZP60M,34,7,AAN,passive,plausible,139,The ambassador was transported by the driver.
yes,USA,Yes,Yes,AU2RMH9IZP60M,35,2,AAN,passive,plausible,359,The traitor was pardoned by the president.
yes,USA,Yes,Yes,AU2RMH9IZP60M,36,2,AAR,active,plausible0,199,The acrobat pushed the stranger.
yes,USA,Yes,Yes,AU2RMH9IZP60M,37,1,AI,passive,implausible,291,The hacker was memorized by the password.
yes,USA,Yes,Yes,AU2RMH9IZP60M,38,3,AAN,passive,implausible,131,The smuggler was bribed by the bureaucrat.
yes,USA,Yes,Yes,AU2RMH9IZP60M,39,7,AAR,active,plausible1,205,The baroness married the nobleman.
yes,USA,Yes,Yes,AU2RMH9IZP60M,40,7,AAN,active,plausible,89,The nanny tutored the boy.
yes,USA,Yes,Yes,AU2RMH9IZP60M,41,2,AAN,active,implausible,123,The apprentice trained the artisan.
yes,USA,Yes,Yes,AU2RMH9IZP60M,42,6,AAR,active,plausible0,271,The culprit betrayed the hunter.
yes,USA,Yes,Yes,AU2RMH9IZP60M,43,6,AAR,passive,plausible1,395,The surfer was impressed by the swimmer.
yes,USA,Yes,Yes,AU2RMH9IZP60M,44,6,AI,active,plausible,315,The supremacist established the fund.
yes,USA,Yes,Yes,AU2RMH9IZP60M,45,6,AI,passive,plausible,65,The memento was misplaced by the sightseer.
yes,USA,Yes,Yes,AU2RMH9IZP60M,46,1,AI,active,implausible,45,The curtains recommended the decorator.
yes,USA,Yes,Yes,AU2RMH9IZP60M,47,7,AAN,passive,plausible,109,The marketer was duped by the prankster.
yes,USA,Yes,Yes,AU2RMH9IZP60M,48,7,AAN,passive,plausible,337,The economist was acquitted by the jury.
yes,USA,Yes,Yes,AU2RMH9IZP60M,49,4,AAN,active,implausible,363,The tribesman studied the anthropologist.
yes,USA,Yes,Yes,AU2RMH9IZP60M,50,5,AAR,active,plausible1,239,The dean commended the shrink.
yes,USA,Yes,Yes,AU2RMH9IZP60M,51,4,AAN,active,plausible,129,The genius shocked the cousin.
yes,USA,Yes,Yes,AU2RMH9IZP60M,52,3,AAR,active,plausible1,387,The miller mentioned the baker.
yes,USA,Yes,Yes,AU2RMH9IZP60M,53,2,AAN,passive,implausible,335,The streetwalker was undercharged by the seaman.
yes,USA,Yes,Yes,AU2RMH9IZP60M,54,6,AAN,passive,plausible,159,The recluse was taunted by the windbag.
